id,domain,status,purchase_price,renewal_price,attractiveness,demand,length,registrar,created_at,expires_at,status_verified_at
fe06db5e-faf4-4784-a95c-3f56567b83d9,jessica.support,available,4.98,37.98,high,low,7,namecheap,,,25/09/2026 18:08
05e09dd1-46aa-4d34-b083-53dd6cd3f50b,semitropic.support,available,4.98,37.98,medium,low,10,namecheap,,,10/09/2026 03:36
433fe308-6e37-4868-9e6e-83e96f1f35c5,marrow.support,available,4.98,37.98,high,low,6,namecheap,,,14/09/2026 23:46
cff7515f-b67d-477c-abb4-df6ef13d2b33,wada.support,available,8.99,26.99,medium,low,4,namesilo,,,01/10/2026 14:19
98259cb2-dc9d-44be-888e-9ebcdec9bf44,depart.support,available,21.2,21.2,high,low,6,cloudflare,,,28/09/2026 20:27
38939ce9-a296-48ab-a27c-e7d89c928dd3,cannons.support,available,8.5,,medium,low,7,unstoppable,,,30/09/2026 16:08
5f55a6cb-602c-4b48-8d3b-be733d313d0f,runway.support,resell,,,high,low,6,,,,28/09/2026 06:39
e34e3daa-937d-4efb-a0c4-97af1e9d99a0,whittier.support,available,8.99,26.99,medium,low,8,namesilo,,,28/09/2026 10:10
f4a25888-1130-4b6e-bf6e-6b1d308c4fa8,reaches.support,available,4.98,37.98,high,low,7,namecheap,,,18/09/2026 18:09
540a5c2c-a84f-4007-91f8-035da4f87351,cappadocia.support,available,8.99,26.99,high,low,10,namesilo,,,02/10/2026 14:34
ee6b6ac2-51c1-4805-9806-b52832894e81,complaining.support,available,21.2,21.2,high,low,11,cloudflare,,,27/09/2026 17:47
f2591290-1c42-4a85-9824-dc56e1532420,mystifying.support,available,4.98,37.98,medium,low,10,namecheap,,,13/08/2026 09:39
b65d5164-09b0-4509-917a-b946803bbe6d,terror.support,available,4.34,21.94,high,low,6,spaceship,,,28/09/2026 19:24
6ce3bac8-ae30-4e29-858b-6582af93aba0,unloved.support,available,4.98,37.98,medium,low,7,namecheap,,,12/09/2026 15:10
05aa4b54-e9b8-4be8-be5d-0758fd159ca1,shark.support,resell,,,high,low,5,"GoDaddy.com, LLC",04/12/2015 22:46,04/12/2026 22:46,26/09/2026 08:58
4a865217-c8e3-48a9-95fd-be1874463de0,favour.support,available,8.99,26.99,high,low,6,namesilo,,,25/09/2026 05:51
0962fc05-36ca-42c5-a162-0915f29b1600,jenna.support,available,8.99,26.99,medium,low,5,namesilo,,,29/09/2026 04:01
3deb8aa6-c1ad-4487-ba59-85f9ce6f1476,rodent.support,available,21.2,21.2,medium,low,6,cloudflare,,,29/09/2026 19:04
12a23ae7-f8fa-498c-a8bf-29b939c97fc3,cents.support,available,4.98,37.98,medium,low,5,namecheap,,,18/09/2026 18:36
ff9c9e22-c950-435d-9f31-0f0f0a001794,tinkling.support,available,4.98,37.98,medium,low,8,namecheap,,,11/09/2026 16:13
5f73f0e4-fe26-4c63-a6af-6e0330b6a6e6,looming.support,available,8.5,,medium,low,7,unstoppable,,,03/10/2026 03:25
31de7625-dfa9-414f-bbdf-6fab0ac30b6d,therapy.support,resell,,,high,low,7,Porkbun LLC,27/03/2021 08:26,27/03/2027 08:26,01/10/2026 08:50
000ac6d7-fa84-42f2-be06-b118b1cc9f32,instagrammable.support,available,11.99,,medium,low,14,name.com,,,
2b14fd9c-f535-47ad-bf5d-d27c67b927aa,presses.support,available,8.5,,medium,low,7,unstoppable,,,30/09/2026 00:10
a84f3912-6d78-4f7a-bc11-1e86be72b284,supplicant.support,available,4.98,37.98,medium,low,10,namecheap,,,11/09/2026 03:28
e00a2738-c2c9-417d-b1fb-4d4a5e447527,blowhard.support,available,4.98,37.98,medium,low,8,namecheap,,,11/08/2026 01:19
217dd305-84df-4ae1-9da2-5fc3d07f1ca7,natalie.support,available,8.99,26.99,high,low,7,namesilo,,,25/09/2026 14:26
8ce5e165-0d88-4013-8edd-7faa77279319,freedoms.support,available,8.99,26.99,medium,low,8,namesilo,,,30/09/2026 16:22
7c955723-8db5-4640-bb11-dcb51852e85f,grenville.support,available,4.34,21.94,medium,low,9,spaceship,,,29/09/2026 04:31
e54e61c8-2828-46a5-9f27-0f8c474a2ff4,subsaharan.support,available,8.5,,medium,low,11,unstoppable,,,30/09/2026 12:27
d0579879-4eec-4c02-b053-7ef9d9f12e18,unfilmed.support,available,4.98,37.98,medium,low,8,namecheap,,,12/09/2026 10:14
8f300327-25f2-4cb3-a675-aec24f796c58,explode.support,available,21.2,21.2,high,low,7,cloudflare,,,27/09/2026 16:32
3d59b38a-ffae-48b2-a9a3-54e50c7281b1,immodest.support,available,4.98,37.98,medium,low,8,namecheap,,,21/08/2026 21:09
3de7ff46-000c-4d39-938e-f6aa67cf37b0,skylark.support,available,8.99,26.99,high,low,7,namesilo,,,18/09/2026 02:17
78b29dee-530c-4748-98e3-57f1b86e6052,clerical.support,available,4.98,37.98,high,low,8,namecheap,,,12/08/2026 10:48
c72ba86f-8314-43a0-83e6-1c77378495f9,unveiling.support,available,8.5,,high,low,9,unstoppable,,,30/09/2026 16:57
05695611-9ece-429e-89fb-252b981cd39f,gracie.support,available,4.98,37.98,high,low,6,namecheap,,,18/09/2026 10:48
b0ced12a-bcb7-417a-abb4-d593400ada55,kieran.support,available,4.98,37.98,high,low,6,namecheap,,,01/10/2026 08:33
6ca7af0d-75cd-4120-903d-e7584541a114,mickey.support,available,4.98,37.98,high,low,6,namecheap,,,25/09/2026 09:22
94394018-a4cd-4a7b-b85d-d742fd38e2cc,livelong.support,available,4.98,37.98,medium,low,8,namecheap,,,24/08/2026 07:57
358d8c4b-9051-4371-a639-8c23820ac305,donations.support,resell,,,high,low,9,,,,29/09/2026 17:05
3f6e7fd5-ef4c-4f2e-9c67-072474ad57fc,implicitly.support,available,4.98,37.98,medium,low,10,namecheap,,,15/09/2026 02:29
dd17a884-d561-4c51-abb7-707c0077993e,corrosive.support,available,4.98,37.98,medium,low,9,namecheap,,,13/08/2026 02:07
fc01bb0a-5d1c-4e6c-8cf9-819095f5b047,vehement.support,available,4.98,37.98,medium,low,8,namecheap,,,11/09/2026 09:44
50a23def-4bc8-4eff-a6b9-d49829edc6b4,vultures.support,available,21.2,21.2,medium,low,8,cloudflare,,,01/10/2026 13:53
1044e778-e3a3-429a-a4e6-f09f1a2c6b21,discontinue.support,available,8.5,,high,low,11,unstoppable,,,01/10/2026 05:15
730dc0c6-f185-4113-b5c3-da2c8d0f0356,tasmania.support,available,8.99,26.99,high,low,8,namesilo,,,27/09/2026 16:02
23117486-5536-49db-a0be-cb54fdbbd01a,hartlepool.support,available,4.98,37.98,medium,low,10,namecheap,,,02/10/2026 19:29
d8288d64-13f8-47e8-9e7e-8d3ca0515f6c,rss.support,premium,128.7,128.7,high,low,3,namecheap,,,29/09/2026 21:06
11a12247-eea2-4421-b8ca-7abd5315172a,hum.support,premium,102.67,102.67,high,low,3,spaceship,,,28/09/2026 19:52
f2cd33f4-5b90-4306-8c07-e5e917a31d4d,travelling.support,available,4.34,21.94,high,low,10,spaceship,,,30/09/2026 13:50
a18b4840-0bc7-43a8-adbe-454fc0acacf6,obtaining.support,available,21.2,21.2,low,low,9,cloudflare,,,30/09/2026 23:25
d5fe41c0-42eb-4a8a-88b4-7d156747ee42,shortening.support,available,4.34,21.94,medium,low,10,spaceship,,,02/10/2026 06:23
d7451a9c-604c-484d-9a54-9d4a9b70f078,penile.support,available,4.98,37.98,medium,low,6,namecheap,,,08/09/2026 14:21
de7cbfb5-6efd-43ea-8ec8-a3e9fcedc446,affected.support,available,4.98,37.98,high,low,8,namecheap,,,
a4d8b1da-0e6a-4be3-8b91-8d0e7ff27041,legibly.support,available,4.98,37.98,medium,low,7,namecheap,,,14/09/2026 11:06
210f3040-1646-444d-b658-c405c61f8762,warner.support,available,8.99,26.99,high,low,6,namesilo,,,28/09/2026 05:27
d2aa64c3-eb7e-41cc-b751-de0130e732bd,eastwards.support,available,4.98,37.98,medium,low,9,namecheap,,,14/08/2026 23:00
7b70d710-31f1-4cec-a317-1a02469b427f,anoa.support,available,8.99,26.99,medium,low,4,namesilo,,,19/09/2026 11:10
ad8625eb-a206-4b91-abaf-5793eb6cfb5d,assemblages.support,available,8.99,26.99,low,low,11,namesilo,,,29/09/2026 05:48
ec0c7647-b418-4447-8c64-ffba19078545,misunderstood.support,available,8.5,,medium,low,13,unstoppable,,,29/09/2026 02:48
5b8b3935-1afa-406f-b2e3-9da35edbcd13,chivalrous.support,available,4.98,37.98,high,low,10,namecheap,,,12/08/2026 06:14
63c74580-01be-4076-b70b-66d0cd879681,hasten.support,available,4.98,37.98,medium,low,6,namecheap,,,09/09/2026 19:47
d0fd8d77-2dbd-4c02-a572-8339b9e36be6,blowzy.support,available,4.98,37.98,low,low,6,namecheap,,,10/08/2026 15:41
a181331e-46a2-4a37-a8aa-f2de68ae607e,marv.support,available,8.99,26.99,high,low,4,namesilo,,,02/10/2026 07:46
2ddeca3a-3d41-452a-ba5b-c05765f90273,mckay.support,available,8.99,26.99,high,low,5,namesilo,,,25/09/2026 16:25
a8e2b644-3ca6-4604-b4c3-26e746316979,forrest.support,available,8.99,26.99,high,low,7,namesilo,,,25/09/2026 12:36
490a7437-e643-4996-9d4d-d59a32d103ea,hutu.support,available,8.5,,high,low,4,unstoppable,,,02/10/2026 15:46
a0cf7785-dbda-4494-b6bb-406e1e2d11bb,gooey.support,available,4.98,37.98,medium,low,5,namecheap,,,20/08/2026 16:53
6d8c4f60-a330-474e-a07b-231acc4d0689,cardigan.support,available,8.99,26.99,high,low,8,namesilo,,,24/09/2026 12:52
8819ba68-fdd3-44bd-b74b-d1ca2c1f21d0,poisons.support,available,8.5,,low,low,7,unstoppable,,,02/10/2026 03:39
842afd71-3ca5-46ab-a584-52f84e0cd946,feminists.support,available,8.99,26.99,medium,low,9,namesilo,,,02/10/2026 03:19
e5a736bf-32a6-4476-a4da-2770c6ad5622,obedient.support,available,4.98,37.98,high,low,8,namecheap,,,03/09/2026 23:30
2121545d-4e40-41c4-aa26-901416f4db26,gordy.support,available,21.2,21.2,medium,low,5,cloudflare,,,02/10/2026 00:35
f4f04fb2-659f-47ac-adde-f99931218f38,spock.support,available,8.99,26.99,high,low,5,namesilo,,,23/09/2026 08:25
7802e641-aed4-4570-bc36-bb99336c00cd,idealized.support,available,4.98,37.98,high,low,9,namecheap,,,21/08/2026 17:58
1d91ec5c-5b88-4fed-a231-c3631b7ec718,mosquito.support,available,21.2,21.2,medium,low,8,cloudflare,,,30/09/2026 05:20
c2adc311-8718-496f-9d4b-b09426d050ad,pfa.support,available,6.69,22.14,high,low,3,porkbun,,,02/10/2026 20:00
2d877192-596d-4e78-a01a-757e771fa517,convinced.support,available,6.69,22.14,high,low,9,porkbun,,,01/10/2026 19:46
b1e73f5f-6b4b-4116-bc8d-2370d656c505,kool.support,available,8.99,26.99,high,low,4,namesilo,,,01/10/2026 05:34
3b14e667-8a4b-4a01-b467-3feb105bd9b8,technical.support,resell,,,high,low,9,1API GmbH,09/07/2015 16:00,09/07/2027 16:00,02/10/2026 12:55
8f1bc1bd-0365-4750-a95d-27169a0b3aa5,coalescing.support,available,4.98,37.98,medium,low,10,namecheap,,,12/08/2026 13:53
367048ed-dad7-4991-851e-856adbadada2,chez.support,available,8.99,26.99,medium,low,4,namesilo,,,02/10/2026 17:29
2f82705a-0c8b-40d5-b153-b41ef49c0e54,patrician.support,available,4.98,37.98,medium,low,9,namecheap,,,06/08/2026 19:34
b0c5947d-54a2-4b5e-94d6-61f5f88c14c3,libel.support,available,4.98,37.98,medium,low,5,namecheap,,,02/10/2026 05:37
7d038034-59fc-44c7-82e4-5ae5e61a652f,deviant.support,available,4.98,37.98,high,low,7,namecheap,,,
7f1ab890-b1a5-4fce-a455-f094e14e95c1,grandson.support,available,4.34,21.94,high,low,8,spaceship,,,29/09/2026 21:28
770cded4-2839-420e-8168-ddb66d0e9ced,gurney.support,available,8.5,,medium,low,6,unstoppable,,,02/10/2026 15:36
419fdd3f-8320-4b29-b117-fee34fdba3d1,aloysius.support,available,21.2,21.2,high,low,8,cloudflare,,,01/10/2026 08:41
949318cf-bb82-4b4b-bd74-d867325b9ca7,contamination.support,available,8.99,26.99,medium,low,13,namesilo,,,29/09/2026 22:52
94c147e7-9d76-44da-a4e9-391b2998b654,bankhead.support,available,8.99,26.99,medium,low,8,namesilo,,,22/09/2026 02:47
4d6ae917-e5c3-413b-9381-eaf8cf5c57a5,hunters.support,available,4.34,21.94,medium,low,7,spaceship,,,28/09/2026 08:39
8e1e3085-4a7b-45b4-869a-69b5715fa3fd,playhouse.support,available,21.2,21.2,high,low,9,cloudflare,,,03/10/2026 05:32
f94cdbab-7149-41b9-bf9b-32a03e6a0106,noodle.support,available,8.99,26.99,high,low,6,namesilo,,,24/09/2026 06:38
c89e1b79-9577-4125-9d7e-5e392f8b930c,delilah.support,available,6.64,22.69,high,low,7,dynadot,,,01/10/2026 19:14
d370bd96-6c37-47cf-ae0f-6a4a6b0e11c0,postponed.support,available,8.99,26.99,medium,low,9,namesilo,,,29/09/2026 08:56
a1feda00-c5c3-423a-bc81-fcc5ca6c678e,xxxviii.support,available,4.98,37.98,medium,low,7,namecheap,,,
adcd88da-c124-46c2-bced-0c350fa503f5,czechoslovakia.support,available,11.99,,medium,low,14,name.com,,,
d7a77d73-9db3-4836-a92c-4238ba8d5597,bilirubin.support,available,4.98,37.98,medium,low,9,namecheap,,,23/09/2026 15:56
6e2bd7b7-5e62-441c-b48c-2290a5df04d5,translates.support,available,8.99,26.99,medium,low,10,namesilo,,,30/09/2026 00:23
e9fb751a-7388-4df7-a3d0-660451e3b555,endovenous.support,available,4.98,37.98,medium,low,10,namecheap,,,17/08/2026 01:21
350f20b2-e7ec-489e-8325-8c3396db1561,vii.support,premium,118.8,118.8,high,low,3,namesilo,,,
89db7f65-f958-48d5-93ff-9ac1bb34e10f,indian.support,available,8.99,26.99,high,low,6,namesilo,,,22/09/2026 04:13
3fbae790-8c31-49b3-8511-ad0fa2c85ebb,lists.support,available,8.99,26.99,medium,low,5,namesilo,,,17/09/2026 08:32
7df690b0-6819-4ffd-8cab-f10430fb10b6,assonance.support,available,8.99,26.99,medium,low,9,namesilo,,,20/09/2026 16:32
928bb2d4-5c69-4d0d-9059-3c679f9faf7c,becky.support,available,4.34,21.94,high,low,5,spaceship,,,28/09/2026 00:14
4d80c7a8-7e59-4abb-84f6-069492a6bace,cancellous.support,available,4.98,37.98,medium,low,10,namecheap,,,11/08/2026 16:31
f2831d7c-48ea-48ac-9221-297f920ae90d,wideband.support,available,4.98,37.98,high,low,8,namecheap,,,13/09/2026 11:50
d87ba853-9c53-4565-9d78-32f1e262d701,aeonian.support,available,4.98,37.98,medium,low,7,namecheap,,,
29a5c8a9-c3a6-41c0-a078-185d71ee30ba,cheesecake.support,available,8.99,26.99,high,low,10,namesilo,,,24/09/2026 14:12
cd1b37b3-eb64-4465-8d52-64820f4fed74,buzzard.support,available,4.34,21.94,medium,low,7,spaceship,,,01/10/2026 18:52
f973487a-bfef-41d3-a0e9-d72ac8e28891,sugared.support,available,4.98,37.98,medium,low,7,namecheap,,,11/09/2026 01:16
5f8c6942-e070-49f9-a348-fd889e029b54,slyly.support,available,4.98,37.98,medium,low,5,namecheap,,,14/09/2026 09:08
82ed3936-8d05-44c1-9729-db87f788204b,clearance.support,available,4.98,37.98,high,low,9,namecheap,,,08/09/2026 08:11
efcc7775-3290-42f6-9152-d811b4cdbf6f,bipartisan.support,available,4.98,37.98,high,low,10,namecheap,,,10/08/2026 04:32
1c4a1d8a-bf6c-450b-9741-3876d78fc8e1,idiocy.support,available,4.98,37.98,medium,low,6,namecheap,,,18/09/2026 18:58
159a6178-dc61-4036-bb0e-11e305ac68a4,downstream.support,available,4.98,37.98,high,low,10,namecheap,,,14/08/2026 17:59
50650cd8-3e21-46f0-9dc4-8c1be76d9109,bailey.support,available,11.99,35.99,high,low,6,name.com,,,21/09/2026 19:05
ef113ae0-2aaf-4f43-ba06-3579a84c3889,amputee.support,available,8.99,26.99,medium,low,7,namesilo,,,18/09/2026 23:54
42475c8e-a45e-4fae-96fb-e2b19a777505,hickey.support,available,8.99,26.99,medium,low,6,namesilo,,,02/10/2026 05:14
f5227bbc-5c00-4fad-a901-e2e99d300f05,corvine.support,available,4.98,37.98,medium,low,7,namecheap,,,13/08/2026 02:37
176da597-ed33-4f20-8c22-02e9355dfcbc,yamato.support,available,4.34,21.94,high,low,6,spaceship,,,30/09/2026 13:00
a02b43d0-11c2-4a12-a539-2eaee7dc8087,absurd.support,available,4.98,37.98,high,low,6,namecheap,,,
ec809a2b-b4a2-4e27-a02e-3aa733e45e30,mao.support,premium,34.36,34.36,high,low,3,spaceship,,,30/09/2026 03:52
8fb100c7-c5bd-4d22-b51f-dc2d71e8d1eb,mouthguard.support,available,11.99,,medium,low,11,name.com,,,
f8bd208b-0ea5-41f1-a7f7-a5c9328d20f7,uncooked.support,available,4.98,37.98,medium,low,8,namecheap,,,12/09/2026 06:09
ee50dec6-dbe0-4440-a659-30c74d1de129,retentive.support,available,4.98,37.98,medium,low,9,namecheap,,,09/09/2026 11:47
01540dcc-10f1-4a2e-8d04-f44edb18ec81,jules.support,available,8.99,26.99,high,low,5,namesilo,,,25/09/2026 15:01
b5b8644e-8d7d-4877-97e5-0c4e0691ca58,waiter.support,available,4.34,21.94,high,low,6,spaceship,,,30/09/2026 10:59
f79ebcc2-42c9-42c3-a4ee-d1d6f207e4f6,communion.support,available,4.34,21.94,high,low,9,spaceship,,,29/09/2026 00:28
a352007d-33c9-4359-a7b3-5e2bcbba3669,homestead.support,available,8.5,,high,low,9,unstoppable,,,30/09/2026 10:09
05afd551-243c-4544-a615-3bfbacc366ac,benchley.support,available,8.99,26.99,high,low,8,namesilo,,,23/09/2026 07:39
b0dea32a-05ec-4f34-bb11-471c433ff176,chung.support,available,4.98,37.98,medium,low,5,namecheap,,,28/09/2026 16:45
4c044c1b-aa0b-4b25-bd0d-00af705c1453,unmannered.support,available,4.98,37.98,low,low,10,namecheap,,,08/08/2026 07:28
b2ec8b80-c25e-463b-bc42-3bb47aaae65d,scrimmage.support,available,8.99,26.99,high,low,9,namesilo,,,22/09/2026 16:24
7b585ec1-4b40-4bf0-830c-a12210b0baaf,pulls.support,available,8.99,26.99,medium,low,5,namesilo,,,16/09/2026 23:15
41062d9f-ca47-434f-a4b4-0bc6bce95c80,colette.support,available,4.98,37.98,high,low,7,namecheap,,,30/09/2026 09:13
913c7697-348b-4e03-a1ed-3092c91ee256,walkaway.support,available,4.98,37.98,medium,low,8,namecheap,,,09/09/2026 19:32
c5f57ef8-b36a-414b-bf3f-4a7e630733f2,bait.support,available,8.99,26.99,high,low,4,namesilo,,,21/09/2026 19:42
59b17bd4-b017-44ba-84f4-b31ff221c588,delegation.support,available,4.98,37.98,high,low,10,namecheap,,,24/09/2026 21:32
f8831074-7f8c-4ee1-a21a-95ac222c252b,tactically.support,available,8.99,26.99,medium,low,10,namesilo,,,16/09/2026 07:46
396244b3-3026-4888-a268-b07589a13df7,tendency.support,available,4.98,37.98,high,low,8,namecheap,,,22/08/2026 22:11
a0fed681-bd56-4008-b34f-29d6d4589899,gallipoli.support,available,8.5,,medium,low,9,unstoppable,,,29/09/2026 22:32
971b575e-d31d-4a64-9afd-9d534c42aa8e,cxl.support,available,4.98,37.98,high,low,3,namecheap,,,
f80f928c-3ba8-4ab2-a22e-60c291c3b497,darby.support,available,8.99,26.99,high,low,5,namesilo,,,01/10/2026 06:43
55a6b5d4-2512-41b3-b131-d9abd6459949,aeriferous.support,available,4.98,37.98,medium,low,10,namecheap,,,
117beb29-65b7-4e32-8595-4903533af627,clifton.support,available,4.98,37.98,medium,low,7,namecheap,,,25/09/2026 19:29
0c608a56-3a0f-49f1-b00a-ba438cd58a74,influenced.support,available,21.2,21.2,high,low,10,cloudflare,,,01/10/2026 20:19
69aed859-69ec-4719-9b19-c137f59e6a13,embryo.support,available,4.98,37.98,high,low,6,namecheap,,,30/09/2026 16:45
e41f6c1b-59a9-44bb-81a4-b4216ae3b704,lynne.support,available,4.98,37.98,medium,low,5,namecheap,,,28/09/2026 08:09
6c63e426-1823-4f7a-9217-61cc2fc7adcd,discreet.support,resell,,,high,low,8,"Sav.com, LLC",13/08/2024 12:22,13/08/2027 12:22,26/09/2026 05:35
9bfb8a8d-5f30-4cf0-8548-b06d572ab466,shu.support,available,4.34,21.94,medium,low,3,spaceship,,,27/09/2026 21:11
30c887d1-238f-4eee-be00-08a27ea415f6,folklore.support,available,8.5,,high,low,8,unstoppable,,,30/09/2026 01:40
469a7407-dae4-4357-bbfc-d283c7aa782a,devious.support,available,4.98,37.98,medium,low,7,namecheap,,,14/08/2026 05:10
b3951213-a5c4-4dfd-9056-32672bec3f3c,tasselled.support,available,4.98,37.98,medium,low,9,namecheap,,,11/09/2026 08:58
d25dee19-d0d5-46a7-8d79-15d7c518bff4,pucka.support,available,4.98,37.98,medium,low,5,namecheap,,,09/09/2026 05:26
b624e19c-bc43-49a8-a694-9e1c3acadd93,effulgent.support,available,4.98,37.98,medium,low,9,namecheap,,,15/08/2026 16:23
f350699f-e7e4-4e78-93d0-b874c95bf9d6,dialectal.support,available,4.98,37.98,medium,low,9,namecheap,,,14/08/2026 05:48
df207eb0-0b86-465c-8374-165db54bd185,stationery.support,available,8.5,,high,low,10,unstoppable,,,02/10/2026 06:29
016be4d5-25c7-4cc6-af4e-13875b7d400a,puritan.support,available,6.69,22.14,high,low,7,porkbun,,,03/10/2026 01:51
7b4df724-1baa-4590-bce6-cddfd3fe5055,importance.support,available,4.34,21.94,high,low,10,spaceship,,,29/09/2026 21:24
71083392-e112-4f57-957c-46fda181b25a,corinthian.support,available,4.98,37.98,high,low,10,namecheap,,,13/08/2026 01:16
0ebb7045-0f74-434a-9753-e850c41e87ac,glamourous.support,available,4.98,37.98,high,low,10,namecheap,,,19/08/2026 00:17
1101c848-0cfe-478f-b3f8-42b2fa874f73,revert.support,available,4.34,21.94,high,low,6,spaceship,,,01/10/2026 22:12
d9d216f1-ac7d-4737-be27-67310c1d2b38,ghosh.support,available,4.98,37.98,medium,low,5,namecheap,,,29/09/2026 15:46
88e8fa6d-959a-43a0-b953-79b81cbd4454,slithering.support,available,4.98,37.98,medium,low,10,namecheap,,,10/09/2026 11:07
15d96f56-0a63-4504-bb81-5927204e054a,swerve.support,available,21.2,21.2,high,low,6,cloudflare,,,27/09/2026 20:50
88064dec-5586-404e-82d9-ba03866bbb8f,hamad.support,available,6.69,22.14,medium,low,5,porkbun,,,03/10/2026 05:51
34df35f0-d755-463d-bf3f-3ecee2b8cb98,paraffin.support,available,8.99,26.99,high,low,8,namesilo,,,18/09/2026 08:24
7d786c1a-4264-4986-927f-a07eb91c8656,asthenia.support,available,4.98,37.98,medium,low,8,namecheap,,,20/09/2026 17:17
bfc9b8dd-6831-4661-9fde-a9ebe9337608,sonora.support,available,4.98,37.98,high,low,6,namecheap,,,27/09/2026 04:12
cb178eec-bf0f-4b8c-8b0a-3d4fe5dcbdfa,investigating.support,available,8.99,26.99,high,low,13,namesilo,,,27/09/2026 09:46
fcf52b75-c775-4409-8bc1-8405205e2c47,mazarin.support,available,8.99,26.99,medium,low,7,namesilo,,,03/10/2026 05:57
d4d35f5b-7ad3-4871-bd46-114db8fa0c48,imbalanced.support,available,4.98,37.98,medium,low,10,namecheap,,,21/08/2026 20:20
35872588-adcd-4b03-b8c4-42a946c37ee3,lytton.support,available,8.5,,medium,low,6,unstoppable,,,30/09/2026 00:54
ff8afdc1-a88d-4c5a-86f5-e6ebbb28709a,maximize.support,available,21.2,21.2,high,low,8,cloudflare,,,29/09/2026 20:44
4b2c901b-3e3e-458f-810a-6294f9f750d2,remain.support,available,8.5,,high,low,6,unstoppable,,,30/09/2026 11:54
95ee3859-aa1a-46b0-98ce-a173578bc919,sibling.support,available,8.5,,high,low,7,unstoppable,,,29/09/2026 20:18
83b76912-be7c-4290-8ddc-e74b4b9673de,nucleated.support,available,4.98,37.98,medium,low,9,namecheap,,,03/09/2026 22:22
53a3ef11-79a1-43a3-8beb-df93a6c2bee3,dealer.support,resell,,,high,low,6,"GoDaddy.com, LLC",09/10/2016 13:11,09/10/2027 13:11,30/09/2026 05:18
75e0b1d0-caa1-42a0-8600-1cb36618a687,berbers.support,available,4.98,37.98,medium,low,7,namecheap,,,19/09/2026 23:24
a9023087-0788-4195-9f4f-cd38595049e0,bashir.support,available,4.34,21.94,medium,low,6,spaceship,,,30/09/2026 21:29
2c59680c-70fa-45b4-b87e-3f42c7ac6db5,alphabets.support,available,9.99,45.99,medium,low,9,godaddy,,,01/10/2026 00:06
50b23ca0-2fb6-4abe-b1f5-da1f64ab07b1,idiopathic.support,available,4.98,37.98,medium,low,10,namecheap,,,21/08/2026 18:09
cf0a4865-e65c-4138-a762-e9ca47c0f040,farley.support,available,8.99,26.99,medium,low,6,namesilo,,,30/09/2026 13:41
1a16b271-4967-4142-8c0b-edd0e1cf8f88,straining.support,available,4.98,37.98,medium,low,9,namecheap,,,10/09/2026 21:43
5b1ba2a4-b0f8-4acb-af52-86d515e97b7e,kirkpatrick.support,available,21.2,21.2,medium,low,11,cloudflare,,,28/09/2026 12:22
5b4a77a8-5af4-4d18-94e8-8a01c3423685,meps.support,available,6.64,22.69,medium,low,4,dynadot,,,03/10/2026 05:22
726a4e1c-9d7b-4a9f-9cc5-ee0ea24a3eac,activewear.support,available,4.98,37.98,high,low,10,namecheap,,,17/09/2026 05:14
32a5d06f-a924-4c00-afd2-c5f1eb0b3f04,lap.support,premium,207.2,207.2,high,low,3,spaceship,,,28/09/2026 02:11
ffb19f2e-8eb5-441a-b47a-f7e7438f58a3,tanganyika.support,available,21.2,21.2,medium,low,10,cloudflare,,,29/09/2026 07:27
c17f4154-db7c-4528-9afb-58753957044c,hohenzollern.support,available,8.99,26.99,high,low,12,namesilo,,,01/10/2026 23:30
654cbef6-2040-45f1-a2ba-361b0f4ba1f1,tatiana.support,available,8.5,,medium,low,7,unstoppable,,,29/09/2026 21:54
6540a170-d810-4be9-aa25-5dbfae149a13,corbin.support,available,21.2,21.2,medium,low,6,cloudflare,,,28/09/2026 07:42
046bb26a-84cd-4ad1-b95a-d1ea678205a2,wwii.support,available,8.99,26.99,medium,low,4,namesilo,,,28/09/2026 07:36
68831bc7-cb3b-4de7-878f-ac3a0ab3e54c,filaria.support,available,8.99,26.99,medium,low,7,namesilo,,,18/09/2026 06:14
2a4cf31a-f4f7-4cd5-99d3-04c94c240d27,birch.support,available,4.98,37.98,high,low,5,namecheap,,,10/08/2026 05:53
1b8cebe1-604c-4ee4-98b2-3118a371faa3,deflated.support,available,4.98,37.98,medium,low,8,namecheap,,,12/08/2026 02:17
73b26153-477a-48f3-81e2-b78381dc3c4d,equally.support,available,4.34,21.94,medium,low,7,spaceship,,,28/09/2026 12:20
af5d432a-f0b1-4c97-9c2a-764b5f09b0c1,randoms.support,available,8.99,26.99,low,low,7,namesilo,,,19/09/2026 22:13
63dd2d1f-b515-4a75-a0f2-655a10547fe9,abor.support,available,8.99,26.99,medium,low,4,namesilo,,,16/09/2026 16:36
4c7e56d0-b2a5-430a-aea5-09207b14879b,macaroni.support,available,6.69,22.14,high,low,8,porkbun,,,01/10/2026 02:55
1deaff48-f2ea-4203-b719-efcf7a6b2047,effete.support,available,4.98,37.98,low,low,6,namecheap,,,13/08/2026 20:52
6378fa7d-e51a-4fd9-b090-7d707ebae8fa,taranto.support,available,4.34,21.94,medium,low,7,spaceship,,,02/10/2026 19:15
a1846a43-5dea-4e82-aec4-0d53e0a64eba,phrenetic.support,available,4.98,37.98,medium,low,9,namecheap,,,18/08/2026 14:19
432a7869-3a5f-4268-af3d-8c5b29cb872e,egocentric.support,available,4.98,37.98,medium,low,10,namecheap,,,15/08/2026 19:41
12849abe-1f22-4cb5-90b5-0c07b04a7a2f,tasteless.support,available,4.98,37.98,medium,low,9,namecheap,,,11/09/2026 09:02
3225c77b-8e99-4d42-93b0-6db4750eb859,unblushing.support,available,4.98,37.98,medium,low,10,namecheap,,,10/09/2026 05:55
a15595e2-5e21-4cf6-9a37-57c13c94219a,characterized.support,available,6.64,22.69,low,low,13,dynadot,,,30/09/2026 23:27
f1c7bf4a-4825-4699-ae91-dbd0cebb615c,rubidium.support,available,8.99,26.99,medium,low,8,namesilo,,,20/09/2026 22:58
98c9a744-9bdf-4ea7-b5da-220998216b81,unintentional.support,available,4.34,21.94,medium,low,13,spaceship,,,02/10/2026 07:05
4aca44bb-b8dd-488e-b069-24005ebb7f0d,picayune.support,available,4.98,37.98,medium,low,8,namecheap,,,18/08/2026 03:37
b8d54662-453f-4c9f-aea0-2f5da8631fcd,publicist.support,available,21.2,21.2,high,low,9,cloudflare,,,30/09/2026 10:55
19ef92e8-62ef-461f-ac03-02928e13aef3,faulty.support,available,4.98,37.98,medium,low,6,namecheap,,,13/08/2026 23:08
cec5bfb4-5867-48ed-8f36-6fb7353aec07,estimated.support,available,8.99,26.99,medium,low,9,namesilo,,,17/09/2026 13:47
38f19404-c031-4864-89fc-bba648192ca9,quarters.support,available,8.99,26.99,high,low,8,namesilo,,,30/09/2026 03:03
7335b8bf-bd4f-42fd-9558-cd868d3880b2,clogging.support,available,4.98,37.98,medium,low,8,namecheap,,,12/08/2026 11:41
93c97fdc-c2f8-4a35-b138-6b286e97c15f,inlet.support,available,8.99,26.99,high,low,5,namesilo,,,03/10/2026 01:17
2e524fa4-6eed-4a60-a9ba-8bf5bfb2f761,aron.support,available,6.64,22.69,medium,low,4,dynadot,,,29/09/2026 15:32
7d3be0f6-31aa-4465-9b61-fd00fa730fff,again.support,available,8.5,,medium,low,5,unstoppable,,,28/09/2026 11:49
1b853169-218d-40ec-9cc4-0916521b32ce,insanity.support,available,4.34,21.94,high,low,8,spaceship,,,28/09/2026 02:09
8c74b75e-6b59-4072-b660-1b0e1b0e81de,premolar.support,available,4.98,37.98,high,low,8,namecheap,,,09/08/2026 19:46
f00b7b47-2ea7-483d-bc69-805b6557c47f,kaunas.support,available,8.5,,medium,low,6,unstoppable,,,01/10/2026 02:48
aa07bfa1-3a74-456c-88b1-5059d7666131,osama.support,available,8.99,26.99,medium,low,5,namesilo,,,29/09/2026 22:16
504fc3a3-7756-47df-94eb-8fb64e058ed8,garrison.support,available,8.99,26.99,high,low,8,namesilo,,,30/09/2026 09:43
ad0f9ad2-9704-4e64-9183-8303c620741a,almandine.support,available,8.99,26.99,medium,low,9,namesilo,,,18/09/2026 12:29
5aec1314-dd33-44ef-a3e4-756ae664e91e,fairest.support,available,6.64,22.69,medium,low,7,dynadot,,,02/10/2026 22:09
c4d1deef-ff70-4f96-906b-726615da771f,diplomate.support,available,21.2,21.2,high,low,9,cloudflare,,,29/09/2026 15:07
91be5b31-f1fc-446b-9a06-fea9fe5c96b2,blanks.support,available,9.99,45.99,low,low,6,godaddy,,,01/10/2026 00:46
e82663ff-1619-4368-bc7d-d7407bf9fa21,anklebone.support,available,8.99,26.99,medium,low,9,namesilo,,,19/09/2026 09:43
f647b22f-cf67-42fb-b3b0-002b60305cf5,bcs.support,available,4.34,21.94,high,low,3,spaceship,,,29/09/2026 15:15
65617089-69f4-45f3-8c49-d17fd13678ba,tuttle.support,available,6.64,22.69,medium,low,6,dynadot,,,28/09/2026 16:39
7ffbef47-4b23-4999-b4b5-a209639a8f29,ageratina.support,available,8.99,26.99,medium,low,9,namesilo,,,17/09/2026 17:21
c9dc3f29-6280-41b4-9d78-71d536095a98,meuse.support,available,8.99,26.99,medium,low,5,namesilo,,,20/09/2026 04:35
56150921-f785-4507-bea2-490d8a895226,suspicious.support,available,4.98,37.98,medium,low,10,namecheap,,,22/08/2026 22:28
2ca775bf-b509-4d78-acd4-33222f13a808,miffed.support,available,4.98,37.98,medium,low,6,namecheap,,,
47945ad0-ff26-46e1-a447-6d963f8efb3a,intend.support,available,4.98,37.98,high,low,6,namecheap,,,25/09/2026 18:20
9160a717-b1ea-4281-a9b8-382bbc1b9505,armiger.support,available,8.99,26.99,medium,low,7,namesilo,,,20/09/2026 06:59
9a05a3f1-fe11-4df4-a5b9-2ebb799b3b52,dawes.support,available,8.99,26.99,medium,low,5,namesilo,,,28/09/2026 09:30
8828df4c-5447-4bd9-9cec-3df9d070f295,combed.support,available,4.98,37.98,medium,low,6,namecheap,,,12/08/2026 18:33
b76a8b32-3c86-466f-b53d-28d764381771,entrusted.support,available,8.99,26.99,medium,low,9,namesilo,,,29/09/2026 16:07
bc2310ca-6f40-4a48-83a7-fdba5a587922,dolomite.support,available,8.99,26.99,medium,low,8,namesilo,,,23/09/2026 23:01
37536b50-a7ac-4a16-8bc8-2be4877755a8,unrevealed.support,available,4.98,37.98,medium,low,10,namecheap,,,12/09/2026 08:09
2974ee0a-3145-4366-b635-4aa101c45ec2,discussing.support,available,8.99,26.99,medium,low,10,namesilo,,,27/09/2026 11:01
0089b7e1-919f-4858-a269-c1351ed0f6b0,amusement.support,available,4.34,21.94,high,low,9,spaceship,,,02/10/2026 13:10
4167a64a-d960-4c5f-856c-db1aa1e78924,alupent.support,available,8.99,26.99,medium,low,7,namesilo,,,18/09/2026 15:17
6b8daed9-9eb6-4640-9a45-09ab63e15dd3,xiii.support,available,8.99,26.99,high,low,4,namesilo,,,21/09/2026 11:34
f8f4cdd6-ddd5-446e-9c40-92ec526592c4,alpenstock.support,available,8.99,26.99,medium,low,10,namesilo,,,18/09/2026 13:32
18ab6d14-7369-4ca7-9515-65bcfd611df9,swords.support,available,11.99,,medium,low,6,name.com,,,
2d0b53f5-dfb6-4b19-8f69-bf45b08f172b,hovering.support,available,21.2,21.2,high,low,8,cloudflare,,,30/09/2026 07:20
e88cef80-dfeb-4991-b86b-f1a42e769cc8,reacts.support,available,4.34,21.94,medium,low,6,spaceship,,,01/10/2026 18:32
192260eb-fde0-43a6-9a16-d68a2ae2e928,pedestrian.support,available,4.98,37.98,high,low,10,namecheap,,,08/09/2026 12:28
be20c597-60ea-425d-af6c-d5a7c734ca1f,jennings.support,available,4.98,37.98,high,low,8,namecheap,,,25/09/2026 19:32
ed841c32-0cfb-4de4-8ea3-67196651ae6f,prompting.support,available,8.99,26.99,high,low,9,namesilo,,,27/09/2026 07:31
bd142e5c-da44-4164-9713-df46e88d362c,bhaga.support,available,8.99,26.99,medium,low,5,namesilo,,,23/09/2026 12:29
85defc8c-f621-428c-81df-b9048b608671,dashingly.support,available,4.98,37.98,medium,low,9,namecheap,,,14/09/2026 10:41
4fedad86-5685-4221-8fed-a12b0bf03385,cebu.support,available,8.99,26.99,medium,low,4,namesilo,,,28/09/2026 18:38
e7a3be6a-f276-4840-afe7-83364742966e,barmy.support,available,4.98,37.98,medium,low,5,namecheap,,,06/08/2026 20:25
ff3811ab-7654-4234-8d31-5ab135f1a37d,alhaytham.support,available,8.99,26.99,medium,low,10,namesilo,,,18/09/2026 00:48
816ce298-3f21-46fa-a0cb-8dc42c763c23,dentist.support,premium,118.8,118.8,high,low,7,namesilo,,,29/09/2026 13:59
de8a4c51-734e-46a0-8280-300b7a00d90a,esfahan.support,available,4.98,37.98,medium,low,7,namecheap,,,20/09/2026 14:33
518b1006-41bd-474d-8646-b4ce2388fbbc,quart.support,available,8.5,,medium,low,5,unstoppable,,,03/10/2026 00:31
5e96e7e9-7aca-4569-97e1-bd25af5c2b68,susquehanna.support,available,8.99,26.99,medium,low,11,namesilo,,,27/09/2026 01:59
4a456795-2d88-45bb-b352-1e60266e1339,prickly.support,available,4.98,37.98,medium,low,7,namecheap,,,08/08/2026 17:34
ad2c4e22-2444-4abf-aacd-d7c6959fd3a0,gramme.support,available,4.34,21.94,medium,low,6,spaceship,,,29/09/2026 20:16
f9cac64f-81f2-4360-b79f-b2e161a25bd0,braddock.support,available,4.34,21.94,medium,low,8,spaceship,,,29/09/2026 15:49
e8e26636-c29f-4077-bc03-dc16da1d4895,authenticity.support,available,8.99,26.99,high,low,12,namesilo,,,29/09/2026 23:07
1842d28e-08a7-4b3e-8110-f0e9ff2b76c0,dozy.support,available,4.98,37.98,medium,low,4,namecheap,,,14/08/2026 18:06
a3cf8f8d-85d9-4018-95dd-7aa0139ae0c5,slickly.support,available,4.98,37.98,medium,low,7,namecheap,,,14/09/2026 21:36
6de23072-cd1e-4427-8e89-a0f43ff90007,pompey.support,available,8.99,26.99,medium,low,6,namesilo,,,03/10/2026 00:58
3ce7f492-7b9e-4f09-88d0-84a5e2623ea0,sake.support,available,4.98,37.98,high,low,4,namecheap,,,27/09/2026 05:08
d33ed6f6-92fe-4a77-80ce-1a2af5ecda14,befuddled.support,available,4.98,37.98,medium,low,9,namecheap,,,07/08/2026 11:41
aa49ccc2-9dbc-4618-b6d8-de1ce9172315,hyperfine.support,available,4.98,37.98,medium,low,9,namecheap,,,21/08/2026 16:48
271fee62-1541-4fdf-83ec-332fd55d7044,brackish.support,available,4.98,37.98,medium,low,8,namecheap,,,11/08/2026 00:43
fb5e71c5-48bc-4b87-babc-b6a319d66dfe,macau.support,available,8.99,26.99,high,low,5,namesilo,,,29/09/2026 01:37
a535f3e9-7fba-4605-8ab5-d709aa64c150,unowned.support,available,4.98,37.98,medium,low,7,namecheap,,,04/09/2026 22:16
2ec9db23-af20-426c-bd20-1a273af34132,owen.support,available,8.99,26.99,high,low,4,namesilo,,,25/09/2026 09:42
572fb421-9f46-4390-9848-1e338250c24d,blocker.support,available,4.34,21.94,medium,low,7,spaceship,,,02/10/2026 23:36
fcbc61e3-6767-4492-9ff9-b107fb38ad6b,shred.support,available,8.5,,high,low,5,unstoppable,,,01/10/2026 02:41
ce373ab1-8a39-49c2-9fe3-129a193a9afe,swallowed.support,available,8.99,26.99,low,low,9,namesilo,,,28/09/2026 23:16
0e8edb5c-aef1-4394-8a56-6e7bf17f3f9c,rubble.support,available,21.2,21.2,medium,low,6,cloudflare,,,28/09/2026 18:54
f6b54ec7-5350-4475-b2d4-25ab77c5a162,glossy.support,available,4.98,37.98,high,low,6,namecheap,,,11/08/2026 14:10
f4445acb-0727-4db4-8c74-8c5050d97d03,abkhazian.support,available,4.98,37.98,medium,low,9,namecheap,,,
c3b8642d-adb8-4261-b3e9-f4512d4c8eb7,civilisation.support,available,8.5,,medium,low,12,unstoppable,,,30/09/2026 14:23
5c35155b-0e3c-4e14-8ef0-d908cb182bbd,ardennes.support,available,8.99,26.99,medium,low,8,namesilo,,,20/09/2026 03:09
be8e1609-d58f-4fad-a124-d15a3c55c5cd,thresher.support,available,8.99,26.99,medium,low,8,namesilo,,,18/09/2026 13:23
674dd2d5-39a1-4c54-bc66-a0bd09022348,east.support,available,8.99,26.99,high,low,4,namesilo,,,24/09/2026 13:07
4e849fbe-1e6e-4052-9089-e23fb518a73f,idler.support,available,4.98,37.98,medium,low,5,namecheap,,,14/08/2026 14:10
b6f1d162-16ff-4852-a03a-daf6e3be9da7,nga.support,premium,42.9,42.9,medium,low,3,namecheap,,,30/09/2026 18:08
efa41dce-479d-45fa-b9d5-87bf5ec4590c,dunk.support,available,8.99,26.99,high,low,4,namesilo,,,02/10/2026 14:51
cd48a2c4-f49b-47b4-b684-eea937f59f17,analyzable.support,available,4.98,37.98,medium,low,10,namecheap,,,
02f8cd31-ac4e-4fd2-bf33-d62f401d45e2,observable.support,available,4.98,37.98,high,low,10,namecheap,,,03/09/2026 23:59
3aa0abbe-cccd-4d4b-8b1f-2c4f493c1132,barman.support,available,8.99,26.99,high,low,6,namesilo,,,22/09/2026 06:19
d7eb814e-cb3d-4e02-8dd0-6681e0a4c360,feigned.support,available,4.98,37.98,medium,low,7,namecheap,,,18/08/2026 00:43
c3b457b0-d917-4c15-8a1f-3df123fe57de,resurgent.support,available,4.98,37.98,high,low,9,namecheap,,,09/09/2026 13:53
696fefb9-1509-47fb-9a5c-481805143e8b,lorazepam.support,available,11.99,35.99,medium,low,9,name.com,,,20/09/2026 21:27
7eac5d34-cc50-4bb6-a019-bf0c8a36050c,berthold.support,available,21.2,21.2,medium,low,8,cloudflare,,,30/09/2026 13:32
03343ca1-8b59-4cff-bb25-516344058f32,sandwiches.support,available,8.99,26.99,medium,low,10,namesilo,,,28/09/2026 13:26
118dac13-081f-4018-9722-a360ce5129cd,biter.support,available,8.99,26.99,medium,low,5,namesilo,,,23/09/2026 22:27
d057e33a-2c4f-4756-9672-82e9835f444d,suva.support,available,8.5,,medium,low,4,unstoppable,,,02/10/2026 06:31
21150336-beff-4216-9833-212178b8ffa9,uncertain.support,available,4.98,37.98,high,low,9,namecheap,,,22/08/2026 01:07
8acbc294-eb1e-4746-8a39-11aad240d638,sneezed.support,available,8.99,26.99,low,low,7,namesilo,,,20/09/2026 15:10
43ab2d09-e019-4213-aa0c-f5aebd100728,brazzaville.support,available,6.64,22.69,medium,low,11,dynadot,,,02/10/2026 19:32
7e9dcf7b-cdd7-4ccd-9b87-bdab7645f331,lichfield.support,available,8.99,26.99,medium,low,9,namesilo,,,30/09/2026 12:48
ca01efeb-5d73-41ca-accb-f08df79e8b44,standpoint.support,available,8.99,26.99,high,low,10,namesilo,,,01/10/2026 03:19
92c7a335-2a6a-46d8-ab8f-d251c768a6f3,swagman.support,available,4.98,37.98,medium,low,7,namecheap,,,11/09/2026 05:01
3bc3915b-dc3e-426e-8126-c4822c7f4dbb,magazines.support,available,4.98,37.98,medium,low,9,namecheap,,,18/09/2026 18:19
703cd8e0-bfb5-44ad-b603-102318318dd7,schoolmaster.support,available,6.64,22.69,high,low,12,dynadot,,,02/10/2026 07:19
ea5e2b99-37df-4f28-90fe-6f1a59ebe4f8,skipper.support,available,8.99,26.99,high,low,7,namesilo,,,28/09/2026 03:03
73e676a0-5168-4757-a9c7-e183173db8ee,nickerson.support,available,6.64,22.69,medium,low,9,dynadot,,,02/10/2026 00:40
26055aa4-e320-4568-afda-59ec3f480972,viscous.support,available,4.98,37.98,high,low,7,namecheap,,,20/08/2026 15:25
4ff3922f-d7f9-4420-8474-fa226525516b,kalimantan.support,available,4.34,21.94,high,low,10,spaceship,,,01/10/2026 18:45
ae6a5532-28c2-42c4-8247-a1cb0db01a93,cutter.support,available,4.34,21.94,medium,low,6,spaceship,,,28/09/2026 13:49
80cd5eca-53c2-4900-912b-7b60dd71ad1e,texas.support,resell,,,high,medium,5,,,,30/09/2026 03:10
0e440cb6-ce93-44a2-a247-36ab30f742c6,backseat.support,available,8.99,26.99,high,low,8,namesilo,,,21/09/2026 15:49
4177cfd8-6157-446f-80d3-3bba7f075292,festivity.support,available,21.2,21.2,high,low,9,cloudflare,,,02/10/2026 02:33
98b2afa8-daca-4ec0-8744-be55a5310b24,angora.support,available,8.99,26.99,high,low,6,namesilo,,,19/09/2026 07:06
c6dbed6e-d3d5-4537-a8cf-8efb0ec8f5b5,grimm.support,available,6.69,22.14,high,low,5,porkbun,,,30/09/2026 17:31
e345ab7b-eabd-4ba9-b9fd-4dfb4bea8dc4,edgar.support,available,8.99,26.99,high,low,5,namesilo,,,25/09/2026 22:32
561400c0-9751-4798-a616-b997153bc93b,candles.support,available,8.99,26.99,high,low,7,namesilo,,,18/09/2026 07:24
d38a5d0b-8ebd-4f61-a283-e1b37d1c688b,wednesday.support,available,4.98,37.98,high,low,9,namecheap,,,13/09/2026 09:32
2371ce48-391a-45e9-bde8-3c087e8165c2,annoy.support,available,4.34,21.94,medium,low,5,spaceship,,,29/09/2026 14:37
55b66ac2-642a-4111-b200-130fb3532747,stoke.support,available,4.34,21.94,high,low,5,spaceship,,,01/10/2026 22:13
3b6f9e37-f0c1-409b-9f48-e90f7ff0bfcf,provocative.support,available,8.5,,high,low,11,unstoppable,,,29/09/2026 08:33
cec7598f-de6d-418a-ba5a-53af0f175d6d,danes.support,available,8.99,26.99,medium,low,5,namesilo,,,30/09/2026 14:16
a82ae944-b4ed-4170-8f25-940ce72f03e6,ris.support,available,4.34,21.94,high,low,3,spaceship,,,02/10/2026 19:00
588a9c23-69a4-4f73-b36b-c8254831b0f9,favorable.support,available,8.99,26.99,high,low,9,namesilo,,,24/09/2026 17:21
6a40bcba-dd08-45de-b3af-edf2f7344618,invigorate.support,available,8.99,26.99,high,low,10,namesilo,,,22/09/2026 04:52
bb58ee49-7775-4d36-a7ed-fc72b1289d6f,vaporing.support,available,4.98,37.98,medium,low,8,namecheap,,,11/08/2026 00:58
d6667208-101b-4408-9ae8-6309c71389a1,fighters.support,available,21.2,21.2,medium,low,8,cloudflare,,,28/09/2026 05:05
4239c4f3-1748-4996-b354-3ba5ad9c60b8,abila.support,available,8.99,26.99,medium,low,5,namesilo,,,16/09/2026 15:52
30d37bc4-ed6d-4c4b-9db1-83126bf9d81d,seems.support,available,8.99,26.99,medium,low,5,namesilo,,,18/09/2026 01:08
84067e28-2a62-40b1-b0a2-89df34a37b74,extracted.support,available,21.2,21.2,medium,low,9,cloudflare,,,29/09/2026 10:37
a843dcc6-59eb-4b04-a837-050840e82ec9,cottage.support,available,8.99,26.99,high,low,7,namesilo,,,24/09/2026 11:16
3f800259-e062-4d72-aa9d-06bc9ab8bfb1,andrade.support,available,8.99,26.99,medium,low,7,namesilo,,,29/09/2026 10:57
96e09ba6-3b4b-46a9-ba8d-5bb1236272d5,sens.support,available,8.99,26.99,high,low,4,namesilo,,,01/10/2026 01:48
6f5912c6-ee64-4ab2-8352-1bb4ee889075,aggregates.support,available,4.34,21.94,low,low,10,spaceship,,,28/09/2026 08:51
8fee2f51-b41a-4e6c-b98c-da3ece01720f,thirsty.support,available,8.99,26.99,high,low,7,namesilo,,,28/09/2026 09:14
94fd3585-b008-4c0e-b538-f911e04d80a5,agromania.support,available,4.98,37.98,medium,low,9,namecheap,,,17/09/2026 19:38
ff24b6da-3195-4ab9-8974-2ba0750315ef,neotenic.support,available,4.98,37.98,medium,low,8,namecheap,,,03/09/2026 15:31
0858e7bd-e530-47a0-bc37-08796acba533,insist.support,available,4.34,21.94,high,low,6,spaceship,,,30/09/2026 20:17
e7022aaf-4997-4ef8-add8-ca00ccf372cb,soberly.support,available,4.98,37.98,medium,low,7,namecheap,,,14/09/2026 22:10
de4af0e4-f324-48e9-a58d-84baf514a23d,ringtail.support,available,8.99,26.99,medium,low,8,namesilo,,,22/09/2026 12:08
b83e4359-566e-41dd-b548-4278deb1a7ac,cleave.support,available,8.99,26.99,medium,low,6,namesilo,,,24/09/2026 15:43
31110254-5364-414c-aea2-95d5f96ea07d,crisscross.support,available,4.98,37.98,high,low,10,namecheap,,,13/08/2026 07:25
4fbf2c4c-c590-49f8-b38d-451032d24282,suspension.support,available,4.34,21.94,high,low,10,spaceship,,,28/09/2026 16:59
d1d6467f-989f-4228-b4ba-9bec280b1625,improbably.support,available,4.98,37.98,medium,low,10,namecheap,,,15/09/2026 02:27
3e947ac9-42b6-4100-a245-337b721132e6,tubeless.support,available,4.98,37.98,medium,low,8,namecheap,,,11/09/2026 20:58
85aa97f5-5daf-414d-b28b-44ce4778439c,mossad.support,available,8.99,26.99,high,low,6,namesilo,,,03/10/2026 01:37
e268950e-07e9-47e8-8fe8-ef8f21f259bc,banished.support,available,4.34,21.94,medium,low,8,spaceship,,,29/09/2026 16:26
6236bb4c-5853-4135-bddb-747f8c496b02,cayman.support,available,8.99,26.99,high,low,6,namesilo,,,02/10/2026 04:14
4fb97d53-a622-4c22-961a-1faf0c7628de,recommend.support,available,4.34,21.94,high,low,9,spaceship,,,28/09/2026 19:07
9118af36-102b-48b1-bf68-0c6f0d79c1ed,cranial.support,available,4.98,37.98,medium,low,7,namecheap,,,13/08/2026 04:49
82b292ad-84f3-4eee-9e87-25bc4757b3e1,racehorse.support,available,4.98,37.98,high,low,9,namecheap,,,22/09/2026 01:58
e9cb4e9b-6f10-4cd5-a70e-3323ddead005,otic.support,available,4.98,37.98,medium,low,4,namecheap,,,07/08/2026 17:41
85110139-07eb-41ab-a90e-c2afac495692,bottle.support,available,8.99,26.99,high,low,6,namesilo,,,24/09/2026 07:30
2b777143-fb60-4803-b241-166f1672a4ed,aalto.support,available,4.98,37.98,high,low,5,namecheap,,,16/09/2026 13:16
93e08bed-cf06-45d4-8707-450e72acfc9f,jehovah.support,available,4.98,37.98,high,low,7,namecheap,,,
7174ab61-cc60-4615-9e67-ba5e826160e5,frugal.support,available,8.99,26.99,high,low,6,namesilo,,,25/09/2026 05:09
4a98d477-3fee-4084-b954-6079cfa20560,imagining.support,available,4.34,21.94,high,low,9,spaceship,,,29/09/2026 14:49
a95f9cb8-ec43-4f2b-8bc1-b40ac8ee4223,fabius.support,available,8.99,26.99,medium,low,6,namesilo,,,02/10/2026 09:27
5bf8193d-68a6-40fc-b474-7397d17933ba,kemper.support,available,8.99,26.99,high,low,6,namesilo,,,29/09/2026 14:53
68897b34-8d55-47ab-a57e-fb69cc654cd5,unaddicted.support,available,4.98,37.98,medium,low,10,namecheap,,,11/09/2026 23:50
35b57340-a0c2-4081-89fe-115d18d1eb3d,scrupulous.support,available,4.98,37.98,high,low,10,namecheap,,,12/08/2026 22:22
a8c93b36-60d1-4d85-94cc-acde4c2958ab,luckless.support,available,4.98,37.98,medium,low,8,namecheap,,,24/08/2026 10:59
b4ebe14d-b1fa-4d30-9834-f21343b61673,journeyman.support,available,21.2,21.2,medium,low,10,cloudflare,,,28/09/2026 22:18
f40a15b2-e5fc-4f46-acc4-1103aefa9103,spielberg.support,available,8.5,,high,low,9,unstoppable,,,29/09/2026 13:59
0f10aba9-b538-4a78-926e-f37e6f855839,amaethon.support,available,8.99,26.99,low,low,8,namesilo,,,18/09/2026 15:34
05f2ac97-5258-45b5-b316-ba7e624b3328,ataractic.support,available,4.98,37.98,low,low,9,namecheap,,,07/08/2026 12:44
2521b078-5f7f-4bda-a669-45332b1a301d,brute.support,available,4.98,37.98,high,low,5,namecheap,,,
8988861b-2e93-4489-81fd-7b3a2cdf1c7f,foldable.support,available,4.98,37.98,high,low,8,namecheap,,,18/08/2026 10:06
e8fbce15-d042-403a-89f6-9f32aa5f29d4,gonzo.support,available,4.98,37.98,high,low,5,namecheap,,,10/08/2026 10:27
7b1839c9-dbad-4f94-b5f9-b774b7fae114,hightower.support,available,21.2,21.2,medium,low,9,cloudflare,,,02/10/2026 10:29
4f87ca04-5eb5-42a9-bd64-060b788154e8,calaveras.support,available,4.34,21.94,medium,low,9,spaceship,,,03/10/2026 06:14
b32d9d3b-3888-4ba8-8077-a8e4f21c9000,suomi.support,available,4.98,37.98,high,low,5,namecheap,,,18/08/2026 05:05
078ed403-8e93-4e4a-b79c-1dc3149c7278,hath.support,available,4.34,21.94,medium,low,4,spaceship,,,01/10/2026 14:19
440e6db1-11c7-4577-9621-9710a0a276aa,arius.support,available,4.98,37.98,medium,low,5,namecheap,,,20/09/2026 06:03
cb6586b2-e66d-4d7f-930f-041aeb99f55b,assign.support,available,8.99,26.99,high,low,6,namesilo,,,21/09/2026 02:19
95777ac0-8587-46a8-a7ed-e3608d508fc9,tapping.support,available,4.34,21.94,high,low,7,spaceship,,,28/09/2026 20:35
a82e69e8-aaf3-4609-89d7-16d65eb9c74e,deeds.support,available,21.2,21.2,high,low,5,cloudflare,,,27/09/2026 12:56
e90004bd-e622-49b3-a70b-99fadaa9c97b,mercenary.support,available,4.98,37.98,high,low,9,namecheap,,,24/08/2026 17:14
06af72c4-6494-46c8-bbd6-495b856cf6d2,citrous.support,available,8.99,26.99,medium,low,7,namesilo,,,25/09/2026 05:54
bef33dfe-b9a7-4edc-8562-082a068e34eb,kissed.support,available,8.99,26.99,medium,low,6,namesilo,,,28/09/2026 04:54
8c4158ff-42dc-4baf-87c9-fef7cdde4786,teachings.support,available,8.99,26.99,medium,low,9,namesilo,,,29/09/2026 23:08
8852db8c-b2af-413b-b182-c8a00832193e,journalistic.support,available,21.2,21.2,medium,low,12,cloudflare,,,02/10/2026 02:11
e3cb7fdc-1394-410b-aea6-1c64a543446d,beanball.support,available,4.98,37.98,medium,low,8,namecheap,,,22/09/2026 20:24
b5df73e4-7c6a-48ad-9b2f-3784f5776e0b,corpses.support,available,8.5,,low,low,7,unstoppable,,,28/09/2026 23:15
766b2042-e0ff-49a8-8c90-9c172daee08c,officially.support,available,4.98,37.98,high,low,10,namecheap,,,14/09/2026 19:44
b0bffecb-eaf2-4578-afaa-bf5ce7bd1f61,falsetto.support,available,4.98,37.98,high,low,8,namecheap,,,17/08/2026 21:33
d38a9972-49a4-4a99-99cf-e03aadb9a82d,dogmatic.support,available,4.98,37.98,medium,low,8,namecheap,,,14/08/2026 15:09
3081dae8-85a7-45c0-bc10-ccd021ea205f,carbonado.support,available,8.99,26.99,medium,low,9,namesilo,,,24/09/2026 00:32
4f18aa4d-644e-43fe-8078-184445f2d6cc,atm.support,premium,118.8,118.8,high,low,3,namesilo,,,20/09/2026 18:44
c14fdf48-e32f-4f4e-be86-dd24f01d05bd,universities.support,available,6.69,22.14,medium,low,12,porkbun,,,28/09/2026 08:47
4edc6c60-8bc2-4626-9fa0-4e4a5034aa85,heroism.support,available,6.64,22.69,high,low,7,dynadot,,,29/09/2026 18:59
205a6ef4-a0f8-4385-ba46-f021f255293e,bigness.support,available,8.99,26.99,medium,low,7,namesilo,,,23/09/2026 15:14
76c689c9-522c-46c3-86be-40aeedee122c,iras.support,available,8.5,,high,low,4,unstoppable,,,30/09/2026 22:23
a8f22cf6-766a-4ba9-9175-7ed0e5ab5f6a,attestor.support,available,8.99,26.99,medium,low,8,namesilo,,,21/09/2026 01:38
9899d9b7-62af-4515-a179-bb00a471460f,reputably.support,available,4.98,37.98,medium,low,9,namecheap,,,15/09/2026 23:17
c66a1a30-041a-4dd6-bb99-633589cef04c,tent.support,available,4.98,37.98,high,low,4,namecheap,,,11/08/2026 15:59
b9389a73-b6c9-4ee5-a219-223f404a557f,bosnian.support,available,4.98,37.98,high,low,7,namecheap,,,10/08/2026 20:21
ba020e81-34d1-48de-abf8-5a7fcdeb6049,nsdap.support,available,4.34,21.94,medium,low,5,spaceship,,,03/10/2026 04:31
de1fd227-70e5-4b9a-bfc0-56a96aaa4b9c,elgar.support,available,21.2,21.2,medium,low,5,cloudflare,,,30/09/2026 17:08
8900c3f8-0611-484b-a60f-b05836fe9a0d,themes.support,available,8.5,,medium,low,6,unstoppable,,,30/09/2026 06:34
fc5210f4-4ffb-4ec9-b802-4d852e1a23c8,barrette.support,available,8.99,26.99,medium,low,8,namesilo,,,22/09/2026 08:28
386b6756-c3bd-4af5-96bd-e8d40d76b3ae,fuss.support,available,8.99,26.99,high,low,4,namesilo,,,17/09/2026 09:21
9c1ed505-aaba-4f24-b7dd-435d18214cc8,kanpur.support,available,8.5,,medium,low,6,unstoppable,,,03/10/2026 05:27
452d7e57-e23e-4d48-917c-70b7712d1434,irina.support,available,21.2,21.2,high,low,5,cloudflare,,,29/09/2026 15:31
190313a2-3eeb-4827-85fc-7e28405a0b03,drummer.support,available,4.34,21.94,medium,low,7,spaceship,,,28/09/2026 09:32
c26f4d0a-7b34-4ce4-9479-3279c2ecbb9b,earthworks.support,available,21.2,21.2,medium,low,10,cloudflare,,,29/09/2026 17:50
9a625865-45ca-42e2-99e5-9c3206304366,broaden.support,available,4.98,37.98,high,low,7,namecheap,,,30/09/2026 16:22
0db9115e-f63f-4bb0-9947-a276148d3d9a,gawky.support,available,4.98,37.98,medium,low,5,namecheap,,,12/08/2026 13:06
43dc3ad0-1f30-4fbe-af0c-c35a6b964618,agave.support,available,8.99,26.99,high,low,5,namesilo,,,17/09/2026 16:37
aa63e18b-fea9-497c-ba49-9fec648d3f9b,bookmark.support,available,4.98,37.98,high,low,8,namecheap,,,24/09/2026 07:12
fcb5de1c-d2d3-4f2a-9326-acbf22861d53,nail.support,available,8.99,26.99,high,low,4,namesilo,,,21/09/2026 16:04
66c24163-d9f9-40ac-81b9-eb056ead6944,yall.support,available,6.69,22.14,medium,low,4,porkbun,,,02/10/2026 04:18
6ca04d3c-82f4-4a5f-a002-4ce2f9bff6a8,employs.support,available,8.99,26.99,medium,low,7,namesilo,,,02/10/2026 03:29
831e3549-8310-473f-bd33-b0e87c5a5461,obscured.support,available,6.69,22.14,medium,low,8,porkbun,,,02/10/2026 18:07
d2a2b83e-2925-4046-926c-b2a23eca20b4,banditry.support,available,8.99,26.99,medium,low,8,namesilo,,,22/09/2026 01:24
eed6a704-691f-4f9c-b919-eaa1822a6bf8,agreeing.support,available,8.99,26.99,high,low,8,namesilo,,,28/09/2026 15:41
55698a24-3a34-4614-bbe7-b24611dced21,filets.support,available,4.98,37.98,medium,low,6,namecheap,,,20/09/2026 11:33
ae96de89-8be5-42dc-a795-25a9c5c6b9c6,floats.support,available,4.34,21.94,medium,low,6,spaceship,,,29/09/2026 23:46
14fff2cd-84c1-4fbc-84ad-324f8ebf22cb,truffle.support,available,21.2,21.2,high,low,7,cloudflare,,,29/09/2026 08:50
23843263-1dc9-4c57-a27c-057a4bc0d89e,swears.support,available,6.64,22.69,low,low,6,dynadot,,,02/10/2026 12:52
08d5e208-368f-411c-ac94-b9dabcb5ddb4,andrea.support,available,8.99,26.99,high,low,6,namesilo,,,25/09/2026 13:32
cfdf720d-2e9e-4698-aee0-b32cfb7b9bd2,conqueror.support,available,8.99,26.99,high,low,9,namesilo,,,24/09/2026 17:25
484a490f-977d-4604-bc44-812cb6772baa,hanks.support,available,8.5,,medium,low,5,unstoppable,,,01/10/2026 19:55
d7cbe632-a559-4835-b79b-bb01203a1f7e,powys.support,available,4.34,21.94,medium,low,5,spaceship,,,01/10/2026 20:09
258a757d-3024-4a85-9aae-2a5d34f5c941,announcer.support,available,8.99,26.99,high,low,9,namesilo,,,19/09/2026 10:49
5d69a7c0-e839-450e-9bf7-a1b7b48e81a9,semester.support,available,21.2,21.2,high,low,8,cloudflare,,,28/09/2026 06:43
d87b2644-bb44-489b-9265-29959cdc6ad8,ava.support,resell,,,high,medium,3,Dynadot Inc,10/05/2026 17:00,10/05/2027 17:00,02/10/2026 09:39
11555b65-0cbf-4ebf-982e-199ddee4264b,snowball.support,available,8.99,26.99,high,low,8,namesilo,,,16/09/2026 17:20
9fdb5b51-bbea-4112-9576-e20903638cd6,brightly.support,available,4.98,37.98,high,low,8,namecheap,,,11/08/2026 04:04
42ec16d9-8edf-4ec8-87be-5497c16104a4,pid.support,available,4.98,37.98,high,low,3,namecheap,,,02/10/2026 06:02
a3e90633-5032-4a4f-9ded-96f39ce59637,caledonia.support,available,8.99,26.99,medium,low,9,namesilo,,,27/09/2026 03:27
b8f33e06-4c18-42ae-b59f-56cb5d1b8321,grad.support,available,4.98,37.98,high,low,4,namecheap,,,20/08/2026 17:53
fa9ac9c1-a8d9-44f3-aea5-000c397cfe9a,fifteen.support,available,8.99,26.99,high,low,7,namesilo,,,21/09/2026 11:44
d10e2d5b-e7d8-4914-8c66-a974acdd4a2b,milky.support,available,4.98,37.98,high,low,5,namecheap,,,24/08/2026 23:02
ef7f7a24-513e-4058-bd40-0bccd4aa395c,errands.support,available,6.69,22.14,medium,low,7,porkbun,,,02/10/2026 22:28
cf947ac1-0113-4f2b-8643-02c23dac4c47,backache.support,available,8.99,26.99,medium,low,8,namesilo,,,21/09/2026 14:56
c8d00040-cfea-4db2-8623-69acf9eb4bc4,kuban.support,available,6.64,22.69,medium,low,5,dynadot,,,03/10/2026 05:28
7e26c743-2216-4faf-bc09-6304ca86cccd,zola.support,available,4.34,21.94,medium,low,4,spaceship,,,29/09/2026 12:10
ad2a0291-b2e0-4793-a6ca-a9e730d03a2d,neal.support,available,21.2,21.2,medium,low,4,cloudflare,,,28/09/2026 16:08
43adc3b1-69bb-47a0-aa11-00b644629989,prosodic.support,available,4.98,37.98,medium,low,8,namecheap,,,09/09/2026 03:39
a7715780-a541-4921-98c8-1a098456bd9d,going.support,available,4.98,37.98,high,low,5,namecheap,,,24/09/2026 22:35
6e125e5b-5c18-4227-9817-c00ab6356df7,adulthood.support,available,4.98,37.98,high,low,9,namecheap,,,17/09/2026 10:25
823bfaf9-eec7-4f46-a1d4-c488a094bc50,betatron.support,available,8.99,26.99,medium,low,8,namesilo,,,23/09/2026 11:04
8d491419-4ad7-43ce-81cd-8a2155c6b2a6,zorn.support,available,21.2,21.2,medium,low,4,cloudflare,,,02/10/2026 19:20
dc5ea240-e3f4-499c-a1d5-9a17f88bb619,ardour.support,available,8.99,26.99,medium,low,6,namesilo,,,20/09/2026 03:15
794402f9-bbc6-41fd-84b2-45bc8f1a5cea,kaohsiung.support,available,8.99,26.99,medium,low,9,namesilo,,,02/10/2026 00:29
891a422a-dce8-467f-98c7-4be1da8d4f9f,visconti.support,available,9.99,45.99,medium,low,8,godaddy,,,30/09/2026 01:25
9e1cc980-14bb-4679-a0d1-268d5b8b735c,lincolnshire.support,available,4.34,21.94,medium,low,12,spaceship,,,28/09/2026 11:48
e55aaaa9-7b77-4b65-97c4-d6d2ea39cb9d,methionine.support,available,4.34,21.94,medium,low,10,spaceship,,,30/09/2026 02:16
89a9abb4-4590-47de-83c3-7b275aa9d264,positron.support,available,8.99,26.99,medium,low,8,namesilo,,,19/09/2026 14:21
b21567fe-c098-4850-99e1-a8c8e0990a02,homecoming.support,available,4.98,37.98,high,low,10,namecheap,,,28/09/2026 19:27
165cde7a-988b-4fda-ad68-b668c9843160,directive.support,available,4.98,37.98,high,low,9,namecheap,,,14/08/2026 08:48
19fb37aa-b896-4a43-91b0-359ca154d095,boats.support,available,8.99,26.99,high,low,5,namesilo,,,17/09/2026 16:33
4190ac80-5194-4063-aeb9-62c1fdcfbe05,ribbon.support,available,4.34,21.94,high,low,6,spaceship,,,30/09/2026 02:15
f887756d-094e-4a35-b9f6-bd358b9f6c0f,explanations.support,available,8.99,26.99,medium,low,12,namesilo,,,17/09/2026 10:05
9096e6a1-a3d9-4c8e-943c-a041b2f2915e,merkel.support,available,8.99,26.99,high,low,6,namesilo,,,30/09/2026 05:16
725e3411-37a1-4b5a-a1e6-48f85957724c,inflexible.support,available,4.98,37.98,medium,low,10,namecheap,,,22/08/2026 04:32
4fc8eabb-72dc-4b1c-9ff6-45d8bd6e47b3,overhead.support,available,4.98,37.98,high,low,8,namecheap,,,26/09/2026 03:30
846f869f-c229-4b20-bf09-29fa4921e99a,swazi.support,available,4.98,37.98,high,low,5,namecheap,,,11/09/2026 05:27
adddf755-55b5-4b94-b999-11a01f06b266,generating.support,available,11.99,,medium,low,10,name.com,,,
17953780-fcfd-4049-9415-1f508f6a5e16,clutter.support,available,4.34,21.94,medium,low,7,spaceship,,,01/10/2026 18:58
a6fe87db-da6b-4a2d-823c-2477569a6eee,ming.support,available,8.99,26.99,high,low,4,namesilo,,,28/09/2026 02:26
aff0b89b-b59b-45f0-aaaf-0117af2a49d1,beeline.support,available,4.98,37.98,high,low,7,namecheap,,,23/09/2026 01:18
bdc8d6a6-6895-4cfb-9743-3fd9d638719a,opponents.support,available,6.69,22.14,low,low,9,porkbun,,,29/09/2026 16:42
edc685cd-41e9-46bb-ad5c-00e8ad564d90,sub.support,premium,118.8,118.8,high,low,3,namesilo,,,28/09/2026 01:46
79421e2d-2f0c-4622-864d-dfd63dd2ec98,poetically.support,available,4.98,37.98,medium,low,10,namecheap,,,15/09/2026 20:51
97c508a8-d18b-4cb8-8482-bf3c132a1b59,olives.support,available,4.98,37.98,medium,low,6,namecheap,,,20/09/2026 04:34
ddd2505c-6e08-47f1-8f12-0dfb22fd6c2e,gospel.support,available,8.99,26.99,high,low,6,namesilo,,,24/09/2026 14:58
81bcb2ac-03c9-4fce-8ac0-adfd7b42fcca,lithesome.support,available,4.98,37.98,medium,low,9,namecheap,,,24/08/2026 01:12
20b83abe-f2ab-4bde-ad0a-a499b5e468d2,brandt.support,available,8.99,26.99,high,low,6,namesilo,,,27/09/2026 11:47
5436b6aa-c0a6-4dac-9b67-2dd2998f94ce,gloom.support,available,4.34,21.94,high,low,5,spaceship,,,01/10/2026 19:48
27911420-dc86-412b-bad9-691a3af1a24e,rousseau.support,available,8.99,26.99,high,low,8,namesilo,,,01/10/2026 02:29
21e69a33-44c6-4c9d-9672-a7fd530b45ed,belonging.support,available,8.99,26.99,high,low,9,namesilo,,,23/09/2026 06:53
25225e1a-314b-4df4-a5ab-0abe002c7394,lawson.support,available,8.99,26.99,high,low,6,namesilo,,,25/09/2026 12:31
e39c0e0b-852a-41c4-8725-1c404c1f8b08,iris.support,resell,,,high,medium,4,,,,28/09/2026 01:54
5f43ea89-9f9e-45b0-ae69-6f2f51875bc8,ahmed.support,available,4.98,37.98,high,low,5,namecheap,,,25/09/2026 14:32
003abb3e-be3f-432d-9957-77306adf7b5e,wriggly.support,available,4.98,37.98,medium,low,7,namecheap,,,13/09/2026 13:43
06e67cda-dd7b-429b-8b49-c072760928c1,ives.support,available,8.99,26.99,high,low,4,namesilo,,,25/09/2026 22:11
4b7ea9a4-3994-4d34-99a9-01a1ab9bdc64,agog.support,available,4.98,37.98,medium,low,4,namecheap,,,
48c16bfa-46d3-433e-aac8-9e38540a93ec,mersey.support,available,4.98,37.98,medium,low,6,namecheap,,,30/09/2026 13:10
da2c09cf-3df6-4c17-b3ae-df76ca8d919f,ias.support,premium,33.5,,high,low,3,unstoppable,,,29/09/2026 21:40
c1b64f54-33ad-492b-8af4-c954d0a67ce8,subatomic.support,available,4.98,37.98,medium,low,9,namecheap,,,10/09/2026 23:38
d08a8ce1-11b6-4942-a9fb-f76e97683841,professions.support,available,8.99,26.99,medium,low,11,namesilo,,,19/09/2026 22:50
e30596b9-da79-4f3a-a08c-d4f5baa31ce6,morals.support,available,4.34,21.94,high,low,6,spaceship,,,28/09/2026 14:04
13de4bba-274f-4d7e-b269-2af199dfe5be,getaways.support,available,4.98,37.98,medium,low,8,namecheap,,,20/09/2026 18:37
a63c7717-fff9-4ad4-947b-c9b6fc827586,japanese.support,premium,118.8,118.8,high,low,8,namesilo,,,22/08/2026 12:22
2dd45dc6-d017-4abc-8399-7de2b4fbe261,intimidating.support,available,21.2,21.2,medium,low,12,cloudflare,,,30/09/2026 19:45
ad56204b-f213-4509-b7f3-5f4049bf4561,gurley.support,available,8.99,26.99,medium,low,6,namesilo,,,02/10/2026 20:37
36be89ce-32f8-4d98-a449-8fa8c09afb0d,ripening.support,available,4.98,37.98,high,low,8,namecheap,,,
8cf0d6ac-aabe-4fc9-824b-e2bf2545cbd2,commenced.support,available,4.34,21.94,medium,low,9,spaceship,,,02/10/2026 02:27
ef591960-e9d1-4734-865a-e665266841be,slash.support,available,8.99,26.99,high,low,5,namesilo,,,29/09/2026 07:02
7541b5ae-da61-4e18-a9dc-2c4b0c4d4109,contraceptive.support,available,8.99,26.99,medium,low,13,namesilo,,,02/10/2026 17:37
7b77da7e-77b5-4d5f-b820-06b87fc5d8ea,mcleod.support,available,4.98,37.98,high,low,6,namecheap,,,27/09/2026 06:53
b9c5b18e-d571-414d-9201-3db50bb3ac76,autarchic.support,available,4.98,37.98,medium,low,9,namecheap,,,07/08/2026 18:36
cd871b28-c7b0-41b0-a85f-a4d93a0c423c,boarded.support,available,4.34,21.94,high,low,7,spaceship,,,01/10/2026 23:19
b6012c20-fd96-4101-bf19-44bdbd1f6108,galilean.support,available,4.98,37.98,medium,low,8,namecheap,,,18/08/2026 19:37
43bb5bab-9cbc-4afc-92c1-d132e4384c42,loud.support,available,4.98,37.98,high,low,4,namecheap,,,24/09/2026 19:25
11f95d66-1b18-43cc-9cdb-e5fabe69ebd2,cuisine.support,available,21.2,21.2,high,low,7,cloudflare,,,30/09/2026 21:07
65075fd1-48ed-495d-97df-acc58c3c2d7b,strap.support,available,4.98,37.98,high,low,5,namecheap,,,28/09/2026 10:12
bf381ced-137e-4968-8aff-bac216f41909,tripoli.support,available,6.64,22.69,high,low,7,dynadot,,,02/10/2026 14:32
df039fc8-5d95-49d1-9a4b-5ea05b7ba08a,azo.support,premium,38.94,38.94,high,low,3,namesilo,,,08/08/2026 02:17
fda4cac2-1d7e-4ab0-95b6-a64745f48b53,oxonian.support,available,4.98,37.98,medium,low,7,namecheap,,,04/09/2026 22:32
31cd2ba3-e750-4b72-8508-435e9fc1a23b,anion.support,available,11.99,35.99,medium,low,5,name.com,,,19/09/2026 09:23
5161e026-dad0-4189-858e-4a0fbdb25b89,nighted.support,available,4.98,37.98,low,low,7,namecheap,,,09/08/2026 14:33
ea9a7639-1abc-437e-8cca-3923760a049f,poisonous.support,available,4.98,37.98,medium,low,9,namecheap,,,08/09/2026 22:40
8dc1c1b6-e87b-42b7-b6ec-9c8ee8b8768a,intestate.support,available,4.98,37.98,medium,low,9,namecheap,,,22/08/2026 08:24
cfe40602-6a54-4ad7-ac81-12b814ffbaf6,sinful.support,available,4.98,37.98,medium,low,6,namecheap,,,22/08/2026 05:27
5081319c-334b-40bc-99ac-8d15ae263a28,liaise.support,available,4.98,37.98,high,low,6,namecheap,,,22/08/2026 08:15
da1f27f5-78f4-4aeb-ae6d-bb258370733c,banked.support,available,4.34,21.94,medium,low,6,spaceship,,,02/10/2026 22:29
7780625e-1834-4ef7-b216-82a772fbee69,protecting.support,available,8.99,26.99,high,low,10,namesilo,,,27/09/2026 02:52
755af140-a654-4414-9a65-868d3c52e113,denying.support,available,4.34,21.94,medium,low,7,spaceship,,,28/09/2026 11:30
f4150130-a7d4-4b6d-addf-51d5c1baf0a6,hump.support,available,8.99,26.99,medium,low,4,namesilo,,,24/09/2026 11:03
dee43fb3-c9e5-4ed7-bdcb-c1f8dc5a1546,bed.support,premium,118.8,118.8,high,low,3,namesilo,,,29/09/2026 01:46
dc22233e-375c-430d-9248-da72a67029dc,entrenched.support,available,8.99,26.99,medium,low,10,namesilo,,,24/09/2026 14:13
62c4a9db-aab5-408a-8d15-291d89ebd82f,broadwise.support,available,4.98,37.98,medium,low,9,namecheap,,,14/09/2026 01:26
5004772d-8bf5-4bf4-86ac-e839d5a2367b,sheep.support,available,8.99,26.99,high,low,5,namesilo,,,25/09/2026 10:41
5474b122-e48b-407a-a02e-3a7800ff0cfb,northwards.support,available,4.98,37.98,medium,low,10,namecheap,,,03/09/2026 21:25
87110243-2226-4350-9115-3445e61ff0a8,shaftesbury.support,available,8.99,26.99,high,low,11,namesilo,,,30/09/2026 05:22
d91f3ebd-9bd7-4b3f-a968-8ca997a10476,nihilist.support,available,8.99,26.99,medium,low,8,namesilo,,,19/09/2026 02:26
9351f57e-c9ca-4ea7-b67e-ac3530128e2b,hcl.support,premium,42.9,42.9,medium,low,3,namecheap,,,29/09/2026 17:21
476021ca-a57d-42b5-8f49-46b9ff61617e,segal.support,available,8.5,,medium,low,5,unstoppable,,,28/09/2026 19:20
3d508009-1f5b-467b-a246-7d4876795300,vineyard.support,available,8.99,26.99,high,low,8,namesilo,,,28/09/2026 20:44
5900d991-bda5-419c-ac8d-922c69604e43,slanting.support,available,4.98,37.98,medium,low,8,namecheap,,,07/08/2026 04:20
2734c2d6-f670-4404-ac07-ab257c29952a,annexation.support,available,8.99,26.99,medium,low,10,namesilo,,,19/09/2026 10:25
9cd6e1ae-dfe6-4cc5-a2dd-9f8a3ead1780,norms.support,available,11.99,,medium,low,5,name.com,,,
d35e41ba-0c30-4aec-89fd-956b21e245f8,gently.support,available,6.64,22.69,high,low,6,dynadot,,,28/09/2026 14:58
80be2664-ebdc-49af-8161-32ac56fc6b16,harmonization.support,available,4.34,21.94,high,low,13,spaceship,,,02/10/2026 21:49
aa9311c2-cf28-4a39-a6e4-29dd4fc8c43b,waldemar.support,available,21.2,21.2,medium,low,8,cloudflare,,,02/10/2026 00:21
a3969842-8a44-4f74-b8e9-24644916aedf,myrtle.support,available,4.34,21.94,medium,low,6,spaceship,,,30/09/2026 18:06
89842f12-2806-4f0a-980d-d4711152d0c8,kramer.support,available,8.99,26.99,high,low,6,namesilo,,,25/09/2026 11:57
98632000-5b7d-4bff-9268-5abdecdd894c,syncopated.support,available,4.98,37.98,medium,low,10,namecheap,,,11/09/2026 06:19
f0f15c4c-e82b-47e6-a0b9-8380d45dae66,insistence.support,available,8.5,,high,low,10,unstoppable,,,01/10/2026 20:02
b5c3dd2d-605a-4033-8a83-30141c3d1828,presidential.support,available,21.2,21.2,high,low,12,cloudflare,,,27/09/2026 17:17
ea76e25f-d264-4e2a-8348-e41bb1a12ddb,kazakh.support,available,6.64,22.69,medium,low,6,dynadot,,,28/09/2026 14:39
a941f58b-bbc3-44d0-9748-2fc8190ef236,crusade.support,available,8.99,26.99,high,low,7,namesilo,,,28/09/2026 09:29
fd2a3e0c-4eb5-4f1c-8454-d1b592544972,streams.support,available,21.2,21.2,medium,low,7,cloudflare,,,29/09/2026 16:56
532f2b2b-dc55-4e5a-84cc-853b582be26f,stated.support,available,4.98,37.98,high,low,6,namecheap,,,10/09/2026 19:08
056dc061-8122-4cb5-bd36-8c2f467b2c3b,worcester.support,available,4.34,21.94,high,low,9,spaceship,,,01/10/2026 20:10
e04847b9-d208-4234-a060-2696fa68502c,arabesque.support,available,8.99,26.99,high,low,9,namesilo,,,19/09/2026 23:28
7a2a6987-1b82-4bb0-8026-4d88e6ab8331,beano.support,available,4.98,37.98,medium,low,5,namecheap,,,22/09/2026 20:40
980712a1-7481-4f1b-a505-70156e54c83d,lorentz.support,available,6.64,22.69,medium,low,7,dynadot,,,28/09/2026 19:26
9d29864c-4880-479d-9b8c-8e55b87261e8,denary.support,available,4.98,37.98,medium,low,6,namecheap,,,13/08/2026 21:30
6a257c94-8d70-42fd-b7d4-2e4e800b214c,oysters.support,available,8.99,26.99,medium,low,7,namesilo,,,20/09/2026 03:31
39a15c49-f329-44eb-b058-ccf7efab7749,tunnel.support,available,8.99,26.99,high,low,6,namesilo,,,25/09/2026 03:48
c61fd0a3-76f1-42b5-aefe-2a7ce4269cd9,powerhouse.support,available,11.99,35.99,high,low,10,name.com,,,21/09/2026 22:33
925011f2-ac4a-490f-9df3-6fca6875b720,molecules.support,available,11.99,,medium,low,9,name.com,,,
54328ccb-530b-42ea-8d2a-bf7724a58f35,leigh.support,available,4.98,37.98,high,low,5,namecheap,,,25/09/2026 08:55
cc45b4b4-33da-49c1-8c05-0827eb46056a,reciting.support,available,21.2,21.2,high,low,8,cloudflare,,,03/10/2026 03:15
dc106936-5581-4f22-bf09-5f48cf28ee58,colorfast.support,available,4.98,37.98,medium,low,9,namecheap,,,12/08/2026 17:50
59a5ed81-172c-44b1-b75f-56d23bca03ad,radiate.support,available,4.98,37.98,high,low,7,namecheap,,,09/09/2026 09:40
27262285-ecfc-4325-a42b-2c9b0c1d3470,stopgap.support,available,4.98,37.98,medium,low,7,namecheap,,,24/08/2026 13:27
05091887-136a-44f4-99b3-b681d30139b9,uppercase.support,available,8.99,26.99,high,low,9,namesilo,,,25/09/2026 16:20
301d1691-800e-4c21-87b4-6136dd7df9a2,analogical.support,available,4.98,37.98,medium,low,10,namecheap,,,
97129bc1-d2b6-43d7-8037-80e721f0f6a8,steering.support,available,4.34,21.94,medium,low,8,spaceship,,,28/09/2026 15:24
0e8c9d9d-5d18-4de0-b069-1e5972fe98a5,owing.support,available,4.34,21.94,medium,low,5,spaceship,,,02/10/2026 19:29
ab9caf80-1460-48df-8294-b0abb194f6b2,abreaction.support,available,8.99,26.99,medium,low,10,namesilo,,,16/09/2026 17:06
89c28dc3-5c3f-45b4-90f2-b5a243a5cd80,serves.support,available,4.98,37.98,medium,low,6,namecheap,,,18/09/2026 11:42
2aedff70-85d7-41a3-a79e-4534aa9e3eb6,decay.support,available,8.99,26.99,high,low,5,namesilo,,,29/09/2026 13:27
5e65dcde-0b90-45de-9bff-172b70fdcd6c,dennison.support,available,21.2,21.2,medium,low,8,cloudflare,,,30/09/2026 05:23
2c9c78cb-265e-4e0e-98d9-e317b39759f8,alcohols.support,available,4.98,37.98,medium,low,8,namecheap,,,20/09/2026 18:31
e9873d89-0185-446c-8189-5c9b0d4d496d,vermicular.support,available,4.98,37.98,medium,low,10,namecheap,,,13/09/2026 02:27
e6c96c50-71f3-4bdc-910a-b823d2ac25de,cans.support,available,4.98,37.98,medium,low,4,namecheap,,,18/09/2026 22:47
3681b17a-344a-4f49-82b5-8390ab1f3142,bats.support,available,4.98,37.98,high,low,4,namecheap,,,06/08/2026 20:31
96f75aaf-1637-48b0-bc67-070c3fbd2d51,turing.support,resell,,,high,low,6,"Spaceship, Inc.",21/02/2026 17:40,21/02/2027 17:40,26/09/2026 09:48
13f89119-e10c-4884-8c8a-ac67fac4f5a3,annabel.support,available,4.34,21.94,medium,low,7,spaceship,,,02/10/2026 12:10
3b01149e-3d79-4008-b23c-23bf2a536e89,harkness.support,available,8.99,26.99,medium,low,8,namesilo,,,30/09/2026 05:36
7274e7f4-5db8-4d87-9366-d48ea8385a3d,robbie.support,available,6.69,22.14,high,low,6,porkbun,,,27/09/2026 19:05
9c9ea0d8-cc4f-43bf-8b32-5531174ecf7a,nucleonics.support,available,4.98,37.98,medium,low,10,namecheap,,,21/09/2026 00:14
0ba2bd0b-563b-4b7c-8a9f-8520f326fb6a,azide.support,available,8.99,26.99,medium,low,5,namesilo,,,21/09/2026 11:12
e26e54e6-7420-4a0e-82f1-2a07fb4f00c4,clogged.support,available,4.98,37.98,medium,low,7,namecheap,,,12/08/2026 06:41
abb4b2c0-2902-4f12-a798-b99a116cbe05,methods.support,available,4.34,21.94,medium,low,7,spaceship,,,28/09/2026 04:33
c4f05135-ccf4-4cf3-b3a3-200000e25b4c,curator.support,available,8.99,26.99,high,low,7,namesilo,,,24/09/2026 17:27
45ca60d2-d836-4a99-b26c-cbe698efb0c2,napping.support,available,4.98,37.98,high,low,7,namecheap,,,03/09/2026 13:07
d5b236ef-249d-4428-8291-6500036a302e,conducting.support,available,8.99,26.99,high,low,10,namesilo,,,29/09/2026 10:46
de8827fe-6d88-4cd0-b84b-266d920e5ade,lgbt.support,premium,,,high,low,4,,,,28/09/2026 17:00
21a42da8-9d93-4604-94ce-31d81379309b,becloud.support,available,4.98,37.98,medium,low,7,namecheap,,,03/09/2026 23:53
20b13f21-7b92-4906-97e1-75b5c9304d20,twaddle.support,available,8.99,26.99,medium,low,7,namesilo,,,21/09/2026 23:55
7eed0317-61ef-4215-92fd-e389ca3cc4ea,texting.support,available,8.99,26.99,high,low,7,namesilo,,,17/09/2026 10:22
ee320046-df01-4d1a-9ec9-ab2fc57ddf94,photograph.support,available,8.99,26.99,high,low,10,namesilo,,,26/09/2026 00:03
188e5836-5fc4-4a53-a4cd-d195ed662867,verbalize.support,available,4.98,37.98,medium,low,9,namecheap,,,13/09/2026 00:14
8363521e-4bd6-4416-908e-cf5400001d59,bustling.support,available,4.98,37.98,high,low,8,namecheap,,,11/08/2026 11:21
d62e3786-8933-4298-98c6-88ca75a66d93,regain.support,available,8.5,,high,low,6,unstoppable,,,29/09/2026 02:45
017f9174-d2a2-4c70-9337-d02b572f02c1,opposing.support,available,4.98,37.98,high,low,8,namecheap,,,04/09/2026 16:38
9ba3cc38-0e1f-4bb2-b8cd-989ba4bc4923,polio.support,available,11.99,35.99,medium,low,5,name.com,,,17/09/2026 05:40
55836969-67a2-44ee-8c87-d9fe9a4d3905,irresistible.support,available,8.5,,high,low,12,unstoppable,,,29/09/2026 14:37
1793f46a-c957-4bf4-9d2a-14a6daf9980b,vassal.support,available,4.98,37.98,medium,low,6,namecheap,,,18/08/2026 03:02
1c4ea16f-6f23-485c-a004-e724a9dbfee0,slides.support,available,4.98,37.98,medium,low,6,namecheap,,,29/09/2026 05:46
dedd3ff4-78e5-481d-b0c1-2a525a9feacc,frontal.support,available,4.98,37.98,high,low,7,namecheap,,,18/08/2026 16:15
12a353ca-c044-4aa0-8a99-07c2a84b45d8,bonnet.support,available,4.98,37.98,high,low,6,namecheap,,,24/09/2026 06:40
5e8e08cf-dc86-472b-99db-d1bcb255f7a9,snippet.support,available,4.98,37.98,high,low,7,namecheap,,,30/09/2026 11:22
a4be7473-8303-437b-82a7-0c22959f69f9,villain.support,available,4.98,37.98,high,low,7,namecheap,,,21/09/2026 16:58
f00aea47-20c5-4ad9-bd7c-49cc939b5fed,debated.support,available,4.34,21.94,medium,low,7,spaceship,,,02/10/2026 02:12
39a66c50-0b80-4886-af05-07c3443ddce2,stunningly.support,available,8.99,26.99,medium,low,10,namesilo,,,16/09/2026 06:09
47dd11d5-505c-44f1-9748-3bdbfd41edc2,literature.support,available,4.98,37.98,high,low,10,namecheap,,,24/08/2026 02:03
a451e161-1386-4cd4-8c8d-1d3c7ac2accb,gradual.support,available,4.98,37.98,high,low,7,namecheap,,,20/08/2026 17:40
878dcaaa-e1fe-4e7f-9c68-629f9ca838c7,catholics.support,available,4.98,37.98,medium,low,9,namecheap,,,19/09/2026 20:28
5fa87ed5-4309-4af6-a140-03b31643e125,maximilian.support,available,4.98,37.98,medium,low,10,namecheap,,,27/09/2026 07:16
dc11ade1-f321-48a0-93f3-5b602a7daef3,balthasar.support,available,8.99,26.99,high,low,9,namesilo,,,22/09/2026 00:15
f061d1b1-98c8-4fc9-a7e9-fa096d04dbb0,swarthmore.support,available,8.99,26.99,medium,low,10,namesilo,,,30/09/2026 04:33
2b294b0d-6144-409d-b7b3-c49eeec1bb77,illegalize.support,available,4.98,37.98,medium,low,10,namecheap,,,04/09/2026 19:26
eb2bde61-f899-4208-87c0-eb0535ff50bc,archeology.support,available,8.99,26.99,medium,low,10,namesilo,,,20/09/2026 01:43
f926a8a3-1de3-4538-9a5b-d3aa4049b2e7,stillborn.support,available,4.98,37.98,medium,low,9,namecheap,,,
7151438f-e85a-4572-925c-0d2b3714cc81,seduce.support,available,4.34,21.94,high,low,6,spaceship,,,29/09/2026 14:16
d209d7a9-38e5-4746-ad7c-31242deb7507,ailey.support,available,4.98,37.98,high,low,5,namecheap,,,17/09/2026 21:12
3c8f2003-18c2-4468-ac83-e7e8ea903cb4,austenite.support,available,4.98,37.98,medium,low,9,namecheap,,,21/09/2026 04:39
2fdb1b64-923e-4860-93fe-6967bb38c4b9,fracture.support,available,4.34,21.94,high,low,8,spaceship,,,28/09/2026 01:53
7feb24f7-efc0-496a-8ab0-883e73f2a156,unq.support,available,8.99,26.99,medium,low,3,namesilo,,,20/09/2026 22:06
d43e1dc2-bb08-40fe-b0c0-fcbd7621666b,ink.support,premium,38.94,38.94,high,medium,3,namesilo,,,30/09/2026 00:11
123985d6-070e-4184-acca-fe760592aa9a,films.support,available,8.99,26.99,medium,low,5,namesilo,,,25/09/2026 17:41
1297db41-0701-4445-af5a-9bac486116c7,technological.support,available,8.5,21.2,medium,low,13,unstoppable,,,02/10/2026 10:35
f0285d5f-9f70-4467-ada4-ae78589f776f,riskily.support,available,4.98,37.98,low,low,7,namecheap,,,15/09/2026 23:50
8289f9a9-be7e-41c9-a4af-3465d0e24289,hostesses.support,available,8.99,26.99,medium,low,9,namesilo,,,20/09/2026 07:50
608ddda3-3023-4ce9-9efa-5eb41a1aa6f0,mothafucka.support,available,8.99,26.99,medium,low,10,namesilo,,,02/10/2026 05:19
0110995a-24b9-4c91-9765-f78989748c6a,joaquin.support,available,8.99,26.99,medium,low,7,namesilo,,,25/09/2026 16:17
e5e9008e-5e35-45fd-864b-140486686b08,nafud.support,available,4.98,37.98,medium,low,5,namecheap,,,19/09/2026 00:44
684548b7-f8d1-4a5b-ad7c-4209b5100c7f,tianjin.support,available,4.34,21.94,medium,low,7,spaceship,,,29/09/2026 02:17
c9e7733a-28c6-47e3-9157-50e237981f38,wilkinson.support,available,4.98,37.98,high,low,9,namecheap,,,25/09/2026 10:42
89478517-97ba-4b7d-a22e-80b98f383241,monoclonal.support,available,8.99,26.99,medium,low,10,namesilo,,,19/09/2026 05:27
b0033a9b-df06-42ae-8dae-038af6ab5cc6,comment.support,available,4.98,37.98,high,low,7,namecheap,,,24/09/2026 16:29
31aa0f6f-ae8a-4c2a-aa8e-872fd73a31f6,mckim.support,available,6.69,22.14,medium,low,5,porkbun,,,01/10/2026 18:57
3ceddae3-f828-4b7d-a653-0e2dba204703,recorder.support,available,8.5,,high,low,8,unstoppable,,,28/09/2026 09:46
efecff8e-e1d3-4a2e-8a40-1f32de89d006,squeaking.support,available,4.98,37.98,medium,low,9,namecheap,,,10/09/2026 00:03
57f6d6b6-6c6e-4f81-b1d7-a2113a66a0fd,rattled.support,available,4.98,37.98,medium,low,7,namecheap,,,18/08/2026 09:33
bec13d5e-42b1-4d7b-9b7f-636f84a0d50d,playacting.support,available,4.98,37.98,medium,low,10,namecheap,,,
b79c3b94-755f-4dc2-b4f2-f6145bc0c1f2,isolation.support,available,8.99,26.99,high,low,9,namesilo,,,24/09/2026 16:00
95344a59-cd7c-4643-b0b4-3caf8f8c8ffc,mocked.support,available,4.98,37.98,medium,low,6,namecheap,,,02/10/2026 13:42
7cd8d326-a642-41ce-85be-4dec273df4da,connectors.support,available,8.99,26.99,medium,low,10,namesilo,,,28/09/2026 05:16
19a99a1e-8eac-4c29-a0cf-b4a548376f2f,hieroglyph.support,available,4.98,37.98,medium,low,10,namecheap,,,21/08/2026 08:33
f12870c6-8710-4cca-9345-801d12afa53e,robbers.support,available,8.5,,low,low,7,unstoppable,,,28/09/2026 23:38
b4bb6d8e-7008-4677-ba8c-98a52e0f561a,revisit.support,available,21.2,21.2,high,low,7,cloudflare,,,02/10/2026 17:16
968a64bb-d01e-4fdc-9784-0146dcb7a03e,juridic.support,available,4.98,37.98,medium,low,7,namecheap,,,22/08/2026 14:42
9ff68364-9776-4046-be54-0b5d5ef18b97,bitter.support,available,4.98,37.98,high,low,6,namecheap,,,
16051074-48dd-424f-bdd7-a96edaef7e9e,creditable.support,available,4.98,37.98,high,low,10,namecheap,,,13/08/2026 05:54
832cc0c7-549a-4981-9879-b897b33de409,testify.support,available,8.99,26.99,high,low,7,namesilo,,,25/09/2026 11:08
862dd409-f2fc-4f65-87fc-adf29174ea4a,harijan.support,available,4.98,37.98,medium,low,7,namecheap,,,12/09/2026 21:38
d6e7e5fa-009f-44e6-8c73-6d118a430ea3,bechamel.support,available,8.99,26.99,medium,low,8,namesilo,,,22/09/2026 22:33
9fd03787-2b3b-4956-a0f2-c856157b6043,mandibular.support,available,4.98,37.98,medium,low,10,namecheap,,,22/08/2026 04:40
b0ddd173-2910-4d4e-ae33-5ff27a4db171,nico.support,available,8.99,26.99,high,medium,4,namesilo,,,29/09/2026 03:41
8d8a1a5d-bd6a-4e10-a197-fe62ae9bfa94,hundredth.support,available,4.98,37.98,high,low,9,namecheap,,,
26d7ff49-1298-4551-aa6a-44b7af6097bd,include.support,available,21.2,21.2,high,low,7,cloudflare,,,30/09/2026 20:19
af17224a-39af-4d40-8f6b-99acf7096662,anthemis.support,available,4.98,37.98,medium,low,8,namecheap,,,19/09/2026 12:57
b60d8ed6-da09-4072-8451-c7509de09faa,odorous.support,available,4.98,37.98,medium,low,7,namecheap,,,04/09/2026 00:54
4803ea93-e481-47e9-8633-e3bcfb47e49f,albright.support,available,8.5,,medium,low,8,unstoppable,,,28/09/2026 12:24
7bbc492c-4462-4fc7-bd5f-fe17eae573cf,laboured.support,available,4.98,37.98,medium,low,8,namecheap,,,22/08/2026 17:40
c8d7774c-84f9-435c-972f-19ff44aa3475,basophil.support,available,4.98,37.98,medium,low,8,namecheap,,,22/09/2026 11:30
57768bf8-3f70-4004-9727-0d18e662e784,fairies.support,available,4.34,21.94,medium,low,7,spaceship,,,30/09/2026 06:26
889707db-58a9-4105-a875-a396091912b6,batholith.support,available,8.99,26.99,medium,low,9,namesilo,,,22/09/2026 13:43
df81ce5d-5332-45c7-9453-1762b65885a3,tractors.support,available,8.99,26.99,medium,low,8,namesilo,,,21/09/2026 06:24
598be5ff-d51e-400c-8b80-7ace27b6f6a1,reluctantly.support,available,4.34,21.94,medium,low,11,spaceship,,,30/09/2026 11:53
dfaf7443-8d9d-48ec-a6c9-fd91339b8b6f,charms.support,available,8.99,26.99,medium,low,6,namesilo,,,29/09/2026 10:30
959dd925-2640-4485-93e1-0fe2bccca2aa,csd.support,available,6.69,22.14,high,low,3,porkbun,,,03/10/2026 04:46
670db6d2-c108-4bf7-97cc-6a0345228091,snow.support,available,8.99,26.99,high,medium,4,namesilo,,,29/09/2026 01:12
b5882d9d-e511-4f20-beba-d63c794f722a,roguish.support,available,4.98,37.98,medium,low,7,namecheap,,,10/08/2026 11:58
fd317dd8-1453-475c-84f8-1d6b47dc3e39,larue.support,available,8.99,26.99,medium,low,5,namesilo,,,02/10/2026 08:03
f4475d34-af13-4677-ad77-3d2179c71c96,altruist.support,available,4.98,37.98,high,low,8,namecheap,,,28/09/2026 20:46
74e2eaee-a4a8-42c3-b4d2-ee04d84fead2,gus.support,available,8.99,26.99,high,low,3,namesilo,,,25/09/2026 15:07
02d7a0f7-53b9-495c-8034-311663dc1aab,defamer.support,available,8.99,26.99,medium,low,7,namesilo,,,21/09/2026 15:02
0e019e67-642b-486e-bcab-727c9557ea20,replaces.support,available,8.99,26.99,medium,low,8,namesilo,,,20/09/2026 05:35
d55c91f4-8610-4b90-bb60-2c0233a7f211,answering.support,available,8.99,26.99,high,low,9,namesilo,,,22/09/2026 05:38
546b4259-d515-46f0-8613-5c436608bd7a,pawpaw.support,available,8.99,26.99,medium,low,6,namesilo,,,20/09/2026 14:11
6a41e163-9bfc-46b6-ac29-44f9b6d54d1d,genetics.support,available,4.98,37.98,high,low,8,namecheap,,,28/09/2026 19:19
985fe372-7385-4eb5-978c-e57cfaaafc97,recognize.support,available,4.98,37.98,high,low,9,namecheap,,,27/09/2026 02:43
3f9c70b5-3ef6-48b1-85c2-1de2b10f880c,sweat.support,available,6.69,22.14,high,low,5,porkbun,,,29/09/2026 17:49
443661ac-835e-4bd5-8d10-f280692b7cdf,barberry.support,available,8.99,26.99,medium,low,8,namesilo,,,22/09/2026 04:51
c0330d34-733c-4e5a-9630-f5d1d1e4fad4,wanderer.support,available,4.98,37.98,high,low,8,namecheap,,,23/09/2026 20:11
e415a5ab-9ac0-475f-8b6f-3b7909b8acdc,acrogen.support,available,8.99,26.99,medium,low,7,namesilo,,,17/09/2026 03:44
08c777ff-8cee-4e97-b01e-2ab367f0051a,sawmill.support,available,8.5,,high,low,7,unstoppable,,,02/10/2026 05:40
472cfe3b-59fa-4aae-900a-2bcfcd377bd7,mete.support,available,4.98,37.98,high,low,4,namecheap,,,10/08/2026 19:54
d8b95fc5-03a4-4f42-a857-e6045d4d5a04,barbet.support,available,8.99,26.99,medium,low,6,namesilo,,,22/09/2026 04:53
bd1bf509-2856-4b9b-bc39-c4efcb7c6ca1,rigging.support,available,4.98,37.98,high,low,7,namecheap,,,30/09/2026 18:31
7a71944f-b138-4beb-9868-56bb961586fa,mutiny.support,available,4.34,21.94,high,low,6,spaceship,,,29/09/2026 13:30
affc4dc7-5e0a-4310-953f-539fb28b04fe,predominantly.support,available,4.34,21.94,medium,low,13,spaceship,,,01/10/2026 05:46
401eee17-fd2e-4e42-85a9-bd51b99240dc,voluntarily.support,available,4.34,21.94,high,low,11,spaceship,,,01/10/2026 05:44
a93beed8-8aa4-480a-b259-e8edd5243300,seti.support,available,8.5,,high,low,4,unstoppable,,,03/10/2026 04:32
cb6447be-97bc-4e99-8fe6-01fb6e3521f5,fists.support,available,21.2,21.2,medium,low,5,cloudflare,,,30/09/2026 15:15
4ad07c99-e67d-4537-a526-9ec82a7b4e57,exists.support,available,8.99,26.99,medium,low,6,namesilo,,,27/09/2026 02:40
0b50963e-7466-4c2c-b7d7-50fe51a15548,card.support,resell,,,high,medium,4,Dynadot Inc,10/02/2026 17:00,10/02/2027 17:00,28/09/2026 18:21
27d290a6-e08b-46b5-90d8-baea868200a1,shunning.support,available,4.98,37.98,medium,low,8,namecheap,,,21/09/2026 09:50
f94aa663-b620-448b-a1c4-990a5b54defc,teri.support,available,8.5,,medium,low,4,unstoppable,,,02/10/2026 00:23
3ac08b3a-8b9a-4a7f-990d-393e1eef5bf4,donatus.support,available,8.99,26.99,medium,low,7,namesilo,,,17/09/2026 12:26
886b3fe2-9aeb-4ae2-881d-4cc8331bf78c,venal.support,available,4.98,37.98,medium,low,5,namecheap,,,11/08/2026 03:46
3ea085ff-3b9a-4a6a-a497-025cb82d8e42,rhine.support,available,4.34,21.94,high,low,5,spaceship,,,30/09/2026 17:42
03b91538-3dbc-4d88-b136-626f8200d6a2,playing.support,available,6.69,22.14,high,low,7,porkbun,,,02/10/2026 00:28
78a64e8f-e792-49bb-9ece-ab5d1a1e4c88,patterns.support,available,6.64,22.69,medium,low,8,dynadot,,,28/09/2026 08:39
09ed180a-96dd-4b36-9105-f0d4fa9eb5ef,flanks.support,available,4.34,21.94,medium,low,6,spaceship,,,01/10/2026 15:30
f765c559-9b71-4670-a31c-f648e045e352,lavinia.support,available,4.98,37.98,high,low,7,namecheap,,,30/09/2026 05:09
949b7fbb-1be1-4b5f-b84f-590737103109,discordant.support,available,4.98,37.98,medium,low,10,namecheap,,,14/08/2026 10:00
e246a213-7159-4d10-8916-1933508558dc,paulsen.support,available,4.34,21.94,medium,low,7,spaceship,,,02/10/2026 03:19
e59ff897-b2db-4e69-82cd-7eadde3c42d3,outfitted.support,available,4.98,37.98,medium,low,9,namecheap,,,04/09/2026 19:24
fc63cbc1-0d8e-4859-af85-0409024c5a32,sublimed.support,available,4.98,37.98,medium,low,8,namecheap,,,11/09/2026 00:03
ed1d3374-be41-4875-899a-7dc198066963,confer.support,available,4.34,21.94,high,low,6,spaceship,,,02/10/2026 17:14
3287fb8c-7c36-4645-834d-a8387cec6f18,laparoscopic.support,available,4.34,21.94,medium,low,12,spaceship,,,02/10/2026 22:19
a8f66ed3-47b1-4a33-b27c-3f40ce290e63,camberwell.support,available,4.34,21.94,medium,low,10,spaceship,,,03/10/2026 06:19
a5720ab6-beeb-48ef-afc8-e034d3b8d04c,unopen.support,available,4.98,37.98,medium,low,6,namecheap,,,10/09/2026 07:06
bb6a2d2f-8646-40c8-93e1-6fb61ca6278d,clog.support,available,8.99,26.99,medium,low,4,namesilo,,,24/09/2026 15:50
f5b00165-a2de-46a7-a1b0-409d3c18c06d,transylvania.support,available,4.34,21.94,high,low,12,spaceship,,,27/09/2026 18:35
cdb47960-cead-4660-b670-173d71d56010,exilic.support,available,4.98,37.98,medium,low,6,namecheap,,,17/08/2026 17:19
95f73e05-99ee-419a-9807-2d62b9cfb8c7,adducent.support,available,4.98,37.98,medium,low,8,namecheap,,,
42305395-0b36-4e83-ada1-4f8a06c23a17,flummox.support,available,11.99,35.99,medium,low,7,name.com,,,21/09/2026 17:31
eabc4d60-6403-4470-96ef-c32223e4efda,bindable.support,available,4.98,37.98,medium,low,8,namecheap,,,09/08/2026 23:44
080d5e47-ba8c-452c-bda5-c8cf1d2a14e5,wexford.support,available,21.2,21.2,medium,low,7,cloudflare,,,28/09/2026 21:57
0594d749-db0e-4179-bc7a-07ec772da2c1,fledged.support,available,4.98,37.98,medium,low,7,namecheap,,,18/08/2026 07:25
f5ead104-6e46-475a-8134-c1524b913f9b,golgi.support,available,8.99,26.99,high,low,5,namesilo,,,30/09/2026 00:57
732bc8a0-bd62-47b0-8f5b-3815638d044a,ionia.support,available,4.34,21.94,medium,low,5,spaceship,,,01/10/2026 20:04
54fe6e79-fdbe-4b91-a2f5-d0fa096b98e4,unpleasant.support,available,4.98,37.98,medium,low,10,namecheap,,,12/09/2026 16:58
b4fbd3be-c162-4e48-ba75-ae6ae30d51eb,reminiscent.support,available,4.34,21.94,high,low,11,spaceship,,,30/09/2026 11:29
d8a6144b-e461-41ac-9df7-52a5a6107896,warmer.support,available,4.34,21.94,high,low,6,spaceship,,,28/09/2026 05:58
55611c9f-cf34-4d62-a48f-306fe42556fe,viewers.support,available,8.99,26.99,medium,low,7,namesilo,,,28/09/2026 20:41
ff3a67a1-b779-4bda-8ac5-578af20af93e,atropos.support,available,8.99,26.99,medium,low,7,namesilo,,,21/09/2026 01:01
d23b4e28-b315-44fd-ae61-f1ad5f7ff649,caparison.support,available,8.99,26.99,medium,low,9,namesilo,,,22/09/2026 05:11
a94db444-2cfd-4657-ad75-1e3508566087,neurotic.support,available,4.98,37.98,medium,low,8,namecheap,,,03/09/2026 16:23
f2b38cdc-1ab8-4a35-81dc-d706fc85ec05,pagan.support,available,4.98,37.98,medium,low,5,namecheap,,,18/08/2026 21:57
8eeb6e91-d2c5-4b28-905f-2977f8003204,improve.support,resell,,,high,low,7,"GoDaddy.com, LLC",10/08/2021 14:07,10/08/2027 14:07,30/09/2026 15:00
467c4a27-1927-4665-be2d-baf64e30aada,germfree.support,available,4.98,37.98,medium,low,8,namecheap,,,18/08/2026 22:48
3d9e281b-9954-47e4-b219-3b17e4aee5b1,waveforms.support,available,4.34,21.94,medium,low,9,spaceship,,,01/10/2026 00:59
cb668a12-983f-477e-8947-e3eaf4806500,bachelors.support,available,8.5,,medium,low,9,unstoppable,,,02/10/2026 13:27
002aaca2-6b6f-433b-92d8-c72636084b49,diplomacy.support,available,21.2,21.2,high,low,9,cloudflare,,,29/09/2026 15:04
0d02583f-76c2-47c3-9816-586e4e8653f4,saunter.support,available,8.99,26.99,high,low,7,namesilo,,,18/09/2026 16:58
991ef2e2-242e-4fbf-b7d4-b76b1d1b85a1,sorrow.support,available,21.2,21.2,medium,low,6,cloudflare,,,28/09/2026 06:39
5ffc1985-db43-4d87-a04c-7f9e8c806b9d,adjectives.support,available,8.99,26.99,medium,low,10,namesilo,,,18/09/2026 16:11
d617ac36-e619-43cc-95f5-d4debe59ea78,slowness.support,available,8.5,,medium,low,8,unstoppable,,,28/09/2026 23:49
e3b4b9c4-ad88-4c5b-b721-0cb48bba460a,scrambling.support,available,8.99,26.99,medium,low,10,namesilo,,,01/10/2026 23:12
f9eb5a0a-3a3d-46d0-9d4f-1d0ccf3398c9,gathering.support,available,8.99,26.99,high,low,9,namesilo,,,20/09/2026 16:00
e4526d5c-29d5-4b61-aecc-578d9f1a0d97,volition.support,available,4.98,37.98,high,low,8,namecheap,,,13/09/2026 12:00
b357c3d8-232a-4158-ad37-5b62819a9df2,watershed.support,available,8.99,26.99,high,low,9,namesilo,,,02/10/2026 23:53
db68b681-553e-4917-8540-19498d7035c9,diskette.support,available,4.98,37.98,medium,low,8,namecheap,,,18/08/2026 08:53
bd9abc8a-ca53-4cd9-ae9e-d1f061dccd93,inserted.support,available,8.5,,medium,low,8,unstoppable,,,29/09/2026 10:49
a931f92e-bc28-490b-bf31-d88ec8175b9e,plaster.support,available,8.99,26.99,medium,low,7,namesilo,,,17/09/2026 07:59
e006f03e-841a-4cd2-8299-14442a789dcd,twp.support,available,8.99,26.99,medium,low,3,namesilo,,,02/10/2026 17:44
930c0b08-bceb-434d-98b3-a1d63a2108c3,uncharged.support,available,4.98,37.98,medium,low,9,namecheap,,,12/09/2026 05:06
054d4956-bdc2-4770-90ff-15c442ceb98f,announcement.support,available,8.99,26.99,high,low,12,namesilo,,,26/09/2026 00:47
cfcff734-f266-49f3-82b6-bb016ecf36cd,berkelium.support,available,8.99,26.99,medium,low,9,namesilo,,,21/09/2026 00:14
e1ef191c-959f-429f-ad96-9a2c432622f6,gee.support,premium,102.67,102.67,high,low,3,spaceship,,,29/09/2026 20:19
0408551f-3c56-4806-8f7a-38ac76890d1b,sushi.support,available,4.34,21.94,high,low,5,spaceship,,,30/09/2026 12:37
7b2718fb-c348-4c2f-a161-d080d267937e,riggs.support,available,4.34,21.94,medium,low,5,spaceship,,,28/09/2026 08:07
b5020821-6535-4732-bc37-4d229934346e,overlooking.support,available,4.34,21.94,medium,low,11,spaceship,,,30/09/2026 00:35
bca44354-377f-4e8a-bfb4-acee6dca8795,paola.support,available,4.34,21.94,medium,low,5,spaceship,,,30/09/2026 15:17
381866c2-5526-442d-9b96-ed14839d04b7,arriviste.support,available,4.98,37.98,medium,low,9,namecheap,,,03/09/2026 22:17
84714688-b86c-42a7-a2a1-c6010754a200,tried.support,available,4.34,21.94,high,low,5,spaceship,,,28/09/2026 02:21
9e63d7f1-314f-40f2-903f-f5104f9b9e1e,badinage.support,available,8.99,26.99,medium,low,8,namesilo,,,21/09/2026 17:13
4e5ac405-3435-461c-a04b-5e2daf790268,dismantle.support,available,8.99,26.99,high,low,9,namesilo,,,02/10/2026 06:42
0d841556-f78c-467c-a46b-2f35f7d66c00,studious.support,available,4.98,37.98,high,low,8,namecheap,,,10/08/2026 19:10
c6038ce1-231c-4ea6-ba0a-e536904f03f4,cunning.support,available,4.98,37.98,medium,low,7,namecheap,,,24/09/2026 01:26
2b895ed7-dbbc-484b-bcf0-c0ff093cc7ef,sheridan.support,available,8.99,26.99,high,low,8,namesilo,,,25/09/2026 10:21
6bfbf190-4157-4509-83f4-26d89d53be25,holiness.support,available,4.34,21.94,high,low,8,spaceship,,,29/09/2026 19:10
23703270-0b66-4cba-a6af-cde7364c8180,lafayette.support,available,9.99,45.99,high,low,9,godaddy,,,30/09/2026 01:47
9a88e4e5-1fe2-45bf-a2fe-994e54a77de1,crank.support,available,4.98,37.98,medium,low,5,namecheap,,,13/08/2026 04:51
b8c16232-abe9-4d74-98c4-d88c4caca8c5,righteous.support,available,4.34,21.94,high,low,9,spaceship,,,27/09/2026 15:12
d68387ff-da78-4e9d-a766-afacf112d258,coax.support,available,8.99,26.99,high,low,4,namesilo,,,24/09/2026 04:12
3b75d5d1-f08b-49fd-bfcd-4502500dc213,slur.support,available,8.99,26.99,medium,low,4,namesilo,,,20/09/2026 14:59
25dbbb5d-01b6-43f2-bc1e-a7cc82d56b16,visualize.support,available,8.99,26.99,high,low,9,namesilo,,,24/09/2026 16:39
33c2d1ff-8558-4c4d-9f00-bf7d669dcb25,dyslexic.support,resell,,,medium,low,8,"GoDaddy.com, LLC",18/07/2017 22:50,18/07/2027 22:50,26/09/2026 05:43
f285fe16-4d29-4668-898e-9cb6159f87a4,cornered.support,available,4.98,37.98,medium,low,8,namecheap,,,07/08/2026 11:02
cc996d4d-7187-49e3-aa29-72645a2c9f95,whipped.support,available,4.34,21.94,medium,low,7,spaceship,,,28/09/2026 21:21
ecfdac79-5688-4ab2-bb31-570e864f42de,excite.support,available,8.5,,high,low,6,unstoppable,,,30/09/2026 02:49
c79c08f4-3f96-404d-9747-344c34e2db1d,accuser.support,available,6.69,22.14,medium,low,7,porkbun,,,28/09/2026 17:32
21304f27-c16c-4939-b5c6-fa45d681b5b1,acquirable.support,available,4.98,37.98,high,low,10,namecheap,,,
348b63b3-24a4-4349-ae7a-a4a061da5beb,nubby.support,available,4.98,37.98,medium,low,5,namecheap,,,21/08/2026 11:15
5596cf41-f767-4405-bb28-1b6fb5b8f8f1,arco.support,available,4.98,37.98,medium,low,4,namecheap,,,06/08/2026 16:02
9b6bf889-b0b5-4c90-b5c3-1baadb983859,dortmund.support,available,8.99,26.99,medium,low,8,namesilo,,,29/09/2026 18:41
f80ec7e5-c4a5-466c-b027-94d9488dda95,transpolar.support,available,4.98,37.98,medium,low,10,namecheap,,,11/09/2026 18:57
f08cfaa6-7fb3-475d-bd76-4274e04976a3,blemished.support,available,4.98,37.98,medium,low,9,namecheap,,,10/08/2026 14:12
a938a573-a165-462e-83e8-9e8637d3293e,inhibited.support,available,4.98,37.98,medium,low,9,namecheap,,,22/08/2026 05:07
0d5f4265-6ea7-43fe-89ca-16ce112d96ab,isil.support,available,21.2,21.2,medium,low,4,cloudflare,,,02/10/2026 20:21
ec854887-d10d-4703-8049-61f57f7fe967,carbonara.support,available,8.99,26.99,high,low,9,namesilo,,,24/09/2026 12:46
827bc256-78bc-4fb4-a2a5-20f9560dd745,note.support,resell,,,high,medium,4,Dynadot Inc,15/05/2026 17:00,15/05/2027 17:00,28/09/2026 21:29
3ee0ac00-221c-443c-98f3-a92a3611b166,inflexibly.support,available,4.98,37.98,medium,low,10,namecheap,,,15/09/2026 08:16
6983eace-db9a-4062-8e88-f5fa9086b5a5,apologized.support,available,8.99,26.99,low,low,10,namesilo,,,29/09/2026 05:55
91dde325-0606-4da2-88d6-33dc79d0d831,ill.support,premium,242,242,high,low,3,namesilo,,,25/09/2026 07:33
a3bf7e28-abb3-4d07-9919-6c2534b8d548,itchy.support,available,4.98,37.98,medium,low,5,namecheap,,,05/08/2026 20:43
2b881d64-caf4-434b-bd9d-0d833dd6af4c,ferric.support,available,4.98,37.98,medium,low,6,namecheap,,,18/08/2026 02:07
e1522fc2-4b32-4222-bd78-46db25653143,immensely.support,available,4.98,37.98,high,low,9,namecheap,,,15/09/2026 01:58
761dae80-04e2-4c67-bf5f-c5685d3bd453,sitter.support,available,4.98,37.98,high,low,6,namecheap,,,11/08/2026 06:16
1351edbc-b8bd-4d41-97dc-34bfebcf9736,laurie.support,available,8.99,26.99,high,low,6,namesilo,,,25/09/2026 17:15
b49ce4ec-d43d-4c11-8f10-0798e874e8a3,rocco.support,available,6.64,22.69,high,low,5,dynadot,,,29/09/2026 09:27
f3ce0168-de2c-459d-9ff3-1b0e8ca8f38b,birthdate.support,available,6.64,22.69,high,low,9,dynadot,,,03/10/2026 03:31
384acd40-0e0d-40b5-86be-f62153917891,philosopher.support,available,8.99,26.99,high,low,11,namesilo,,,28/09/2026 11:16
0aeaec94-2d5f-411c-9f29-9c48eab03594,vexed.support,available,4.98,37.98,medium,low,5,namecheap,,,21/08/2026 00:15
c964f0dd-235f-45f7-9582-14e6be80727b,argot.support,available,4.98,37.98,medium,low,5,namecheap,,,13/09/2026 04:14
4d70f203-e9bd-44fe-99b1-e0952f36161a,angelfish.support,available,8.99,26.99,high,low,9,namesilo,,,19/09/2026 05:56
49e6f91e-7204-4244-9e23-2df27faaee4c,muffin.support,available,4.34,21.94,high,low,6,spaceship,,,30/09/2026 05:23
4fbce070-0993-47c8-b811-a1c3cac2a300,innate.support,available,4.98,37.98,high,low,6,namecheap,,,12/08/2026 21:44
54caf637-3bc7-4d58-a06b-44727e42e58a,spoilt.support,available,4.98,37.98,medium,low,6,namecheap,,,10/08/2026 14:19
27abb138-2811-4a79-b5be-a769be7662dd,screened.support,available,4.34,21.94,medium,low,8,spaceship,,,30/09/2026 00:45
40bb32c2-eb63-4686-8a7c-f223e742fe59,festal.support,available,4.98,37.98,medium,low,6,namecheap,,,18/08/2026 02:13
7e57b779-0cef-4062-9992-e36c1d08c547,keyes.support,available,8.5,,medium,low,5,unstoppable,,,28/09/2026 16:42
b06bb4a9-2e5c-41f1-83c0-d9f8d4aba0fb,bather.support,available,4.98,37.98,medium,low,6,namecheap,,,22/09/2026 13:31
6ad99372-a500-4556-80ad-0ab9008702b6,philip.support,available,4.34,21.94,high,low,6,spaceship,,,29/09/2026 17:06
0b46a6d5-63dc-441e-852d-d4aadcd0fdac,streets.support,available,8.5,,high,low,7,unstoppable,,,02/10/2026 07:28
f72936c2-f9ab-442c-80fa-240a52ed412b,hock.support,available,4.98,37.98,high,low,4,namecheap,,,09/09/2026 16:33
51c23d5a-8d6b-40a9-97d1-2f17bcc9b814,emission.support,available,4.34,21.94,high,low,8,spaceship,,,30/09/2026 01:30
a7316ffa-c375-4ac9-9181-9ac80d9db6e0,jillion.support,available,4.98,37.98,medium,low,7,namecheap,,,11/09/2026 19:52
75714846-28fa-4d04-91d6-354aa89a99f4,vertebrate.support,available,4.98,37.98,medium,low,10,namecheap,,,13/09/2026 04:35
ca14f41a-162e-4375-88bd-17058fc95e11,antitrust.support,available,4.98,37.98,medium,low,9,namecheap,,,
82cb09d7-114f-4fd1-8d15-170145878d51,suffering.support,available,4.98,37.98,high,low,9,namecheap,,,25/08/2026 01:27
7d83c1af-b5cd-4cac-b20e-67730e1ed3a6,beers.support,available,8.99,26.99,medium,low,5,namesilo,,,27/09/2026 10:55
c32c9737-c44b-46ce-82b7-0d4629f564d7,puddings.support,available,8.99,26.99,medium,low,8,namesilo,,,19/09/2026 22:22
beeb3df6-3ae9-4bc8-9ec8-fea9ce01e2c4,prescriptions.support,available,8.5,,medium,low,13,unstoppable,,,01/10/2026 18:41
6bf99a7f-0d20-4594-b56e-b4d41249ad82,ironing.support,available,8.99,26.99,high,low,7,namesilo,,,02/10/2026 15:49
4a554f23-e6b9-4566-ae38-a59c3fe4c8db,pie.support,premium,118.8,118.8,high,low,3,namesilo,,,25/09/2026 09:59
f844aa33-2171-4328-bad9-2af768980988,eck.support,available,8.5,,medium,low,3,unstoppable,,,02/10/2026 14:57
772a46d0-2e8e-4ed5-94a8-f0b3c721b730,resists.support,available,8.99,26.99,medium,low,7,namesilo,,,18/09/2026 10:58
8da11f5f-f2a4-4e2f-b829-8fe929880044,bite.support,available,,,high,low,4,,,,
382e8d66-8a18-4e99-809a-63e3248a9153,answered.support,available,8.99,26.99,high,low,8,namesilo,,,25/09/2026 16:54
257bb331-11db-46bd-a543-2ebb11475c2e,midget.support,available,4.98,37.98,high,low,6,namecheap,,,08/08/2026 14:19
402765be-639c-40dd-86db-e5ed47489ad4,nath.support,available,4.34,21.94,medium,low,4,spaceship,,,29/09/2026 15:40
335abea4-e539-4714-b6ae-d255c3653905,belatedly.support,available,4.98,37.98,medium,low,9,namecheap,,,22/08/2026 20:25
bf8a3f08-46b0-414c-8e2c-ac41cc58a09f,bewitching.support,available,4.98,37.98,medium,low,10,namecheap,,,09/08/2026 18:19
044becdb-bb41-46cf-ba5c-96d4013ca201,boldly.support,available,4.98,37.98,high,low,6,namecheap,,,14/09/2026 00:53
7406de06-2d8f-4cb0-958e-cd7702777284,volkswagen.support,available,8.99,26.99,high,low,10,namesilo,,,02/10/2026 01:37
1f05e64f-65eb-4fac-b268-92375608f4a8,dum.support,available,8.5,,high,low,3,unstoppable,,,01/10/2026 04:59
0b13879f-a6a4-4ae5-8d7b-1e73ed67b32c,uniting.support,available,8.99,26.99,high,low,7,namesilo,,,18/09/2026 15:39
3b232517-a989-400d-9397-17bc3228bfc3,issa.support,available,6.69,22.14,high,low,4,porkbun,,,30/09/2026 20:12
ea74a03d-ef38-487d-9549-68f62f383108,willows.support,available,6.69,22.14,medium,low,7,porkbun,,,01/10/2026 07:25
bc771e1b-3d55-41b5-9395-a0b2fbec8d62,carnot.support,available,8.5,,medium,low,6,unstoppable,,,02/10/2026 04:17
324d9602-4482-4d9b-bdfa-b6dd09e45089,assayer.support,available,8.99,26.99,medium,low,7,namesilo,,,20/09/2026 15:59
10b45d02-42b8-4bda-9f1e-9eba1021d6fc,assegai.support,available,4.98,37.98,medium,low,7,namecheap,,,20/09/2026 15:40
b4d3c1f8-45f0-45d5-9429-1dddda893106,annoying.support,available,8.99,26.99,high,low,8,namesilo,,,22/09/2026 05:19
d32b8a14-de45-4108-9504-a6faaa2e984a,meditative.support,available,4.98,37.98,high,low,10,namecheap,,,11/08/2026 05:56
57404c85-ba77-4f91-b367-196c492ab63a,interpreting.support,available,8.99,26.99,high,low,12,namesilo,,,02/10/2026 12:24
f80fc6c6-7746-4840-8f9d-20978c298e45,labeled.support,available,4.98,37.98,medium,low,7,namecheap,,,22/08/2026 17:13
f684067a-8c81-4b73-a4fb-245c16d2dd1f,conveyed.support,available,8.99,26.99,medium,low,8,namesilo,,,02/10/2026 01:56
6cf08d9b-ceaf-4b5e-b81f-a45bbeb3df9d,sagacious.support,available,4.98,37.98,high,low,9,namecheap,,,08/09/2026 18:02
240addac-84cf-4e58-b241-e96538fce2b2,dimmed.support,available,4.98,37.98,medium,low,6,namecheap,,,14/08/2026 08:08
5392f092-8b24-467b-9dda-c6174e1008a8,footle.support,available,4.98,37.98,medium,low,6,namecheap,,,11/09/2026 08:27
27c6e93b-e44d-49de-af89-7f6538c24d1f,gratuitous.support,available,4.98,37.98,medium,low,10,namecheap,,,13/08/2026 03:14
c2979ab7-a84a-4599-94df-8118e3945cd9,springbuck.support,available,4.98,37.98,medium,low,10,namecheap,,,19/09/2026 14:19
5afbb5ba-4260-45e5-93c0-1084fcc4efaa,vented.support,available,4.98,37.98,medium,low,6,namecheap,,,13/09/2026 02:12
3b210cf8-ea93-4091-8b89-0081e376b643,riots.support,available,6.64,22.69,low,low,5,dynadot,,,29/09/2026 05:50
4e55337a-5f25-451b-b516-982d97e9bb39,connate.support,available,4.98,37.98,medium,low,7,namecheap,,,12/08/2026 15:46
8f2e8c29-6369-43c8-849c-377f3273faf3,segmental.support,available,4.98,37.98,medium,low,9,namecheap,,,24/08/2026 21:41
b1cfe895-8d6c-421f-b581-e6078c04fc1c,transcend.support,available,4.98,37.98,high,low,9,namecheap,,,11/09/2026 17:23
2a975af8-c9dd-4c48-b70b-7e3716d1de06,presidency.support,available,8.99,26.99,high,low,10,namesilo,,,29/09/2026 13:43
a2a4cbfb-a1c2-45b3-a2fe-34e6825dce4a,arbitrager.support,available,4.98,37.98,medium,low,10,namecheap,,,20/09/2026 00:30
6a015296-64eb-4039-b16a-66626e10dc4e,netlike.support,available,4.98,37.98,medium,low,7,namecheap,,,03/09/2026 16:00
a115a307-cd19-4407-af06-78a547de4854,unfold.support,available,8.5,,high,low,6,unstoppable,,,30/09/2026 03:13
72a5bded-389e-41a8-94f4-54e8f80a48c4,valueless.support,available,4.98,37.98,medium,low,9,namecheap,,,13/09/2026 01:01
5c7feba0-d2a0-448a-8ed6-4cd51e09f96b,unc.support,available,8.99,26.99,medium,low,3,namesilo,,,02/10/2026 07:11
dd9f9cd6-ca27-487a-b39a-b280942e9c21,prognosis.support,available,8.99,26.99,high,low,9,namesilo,,,30/09/2026 09:42
b4a18a15-df84-405f-b626-5d03544d2697,markers.support,available,8.99,26.99,medium,low,7,namesilo,,,29/09/2026 06:04
99686043-99ff-4b6f-a99d-c84140c0fd04,juana.support,available,8.99,26.99,medium,low,5,namesilo,,,29/09/2026 09:44
64f59978-cf05-4d79-9ea2-9bf598c33c50,banging.support,available,4.98,37.98,high,low,7,namecheap,,,08/08/2026 13:03
440b33d8-8acb-4ffd-b337-7214793ebf6e,graciously.support,available,4.98,37.98,high,low,10,namecheap,,,14/09/2026 21:58
4acdbd28-a964-4468-80cd-7e13af930c7a,chairmen.support,available,8.99,26.99,medium,low,8,namesilo,,,18/09/2026 22:56
c5d8e47d-8cde-4429-81f0-d8064199e71f,speeding.support,available,8.99,26.99,high,low,8,namesilo,,,25/09/2026 06:47
b32cf77b-bbbe-4f71-8fd2-6aa381fd1fc4,zilch.support,available,4.98,37.98,medium,low,5,namecheap,,,03/09/2026 22:42
b7dafcd9-3079-445d-a64e-21e955f32958,desiccated.support,available,4.98,37.98,medium,low,10,namecheap,,,14/08/2026 03:33
987229e9-1f95-4153-88f0-f7303f3a9582,missile.support,available,4.98,37.98,high,low,7,namecheap,,,27/09/2026 07:17
09d2449a-b961-4c39-8c99-006a6b3f6ddd,compose.support,available,6.64,22.69,high,low,7,dynadot,,,28/09/2026 20:09
d676d9a8-8b54-48b3-9e26-6e3123c8204d,transporter.support,available,4.34,21.94,high,low,11,spaceship,,,30/09/2026 11:44
a8a4e723-6b13-4dcb-b557-edfca66e759b,leila.support,available,4.34,21.94,high,low,5,spaceship,,,29/09/2026 17:56
19c5b927-2d10-4558-ac22-9452e12e8769,federalism.support,available,4.34,21.94,high,low,10,spaceship,,,29/09/2026 12:14
dd13538c-83e2-40ab-b66d-c8108ce4f00e,swapo.support,available,8.5,,medium,low,5,unstoppable,,,02/10/2026 20:19
b5fda0f5-fe17-40eb-80ef-dfdcbf930fd8,aesthete.support,available,8.99,26.99,medium,low,8,namesilo,,,17/09/2026 13:35
af9914df-1a70-4e18-969e-19d8ad2111b5,zymotic.support,available,4.98,37.98,medium,low,7,namecheap,,,13/09/2026 15:57
b30a0125-b6bd-47da-b3e4-1f3feeeffa7f,terrane.support,available,4.34,21.94,high,low,7,spaceship,,,02/10/2026 18:37
77015d30-80b9-41e1-8624-16a7f1e78464,consciously.support,available,4.34,21.94,medium,low,11,spaceship,,,30/09/2026 20:00
0cfbe379-d02e-4223-a75e-2258f34bcbfe,apartments.support,premium,520,520,medium,low,10,namecheap,,,19/09/2026 20:12
34e8ca50-c594-468b-bd53-9d114e3624b8,tedious.support,available,8.99,26.99,medium,low,7,namesilo,,,23/09/2026 00:32
4d0ec540-45b2-4a01-8171-9a21184d0b27,trout.support,available,21.2,21.2,high,low,5,cloudflare,,,28/09/2026 06:50
06ec7bc5-7a28-4d36-8775-93bba5ad8e23,breaker.support,available,8.99,26.99,high,low,7,namesilo,,,24/09/2026 08:24
ea422632-7cc1-4b77-9504-09afa3c4cc67,vehicles.support,available,4.98,37.98,medium,low,8,namecheap,,,16/09/2026 11:23
08d75549-aa9d-4884-9d9a-2d8c7c2669c0,levine.support,available,4.98,37.98,medium,low,6,namecheap,,,25/09/2026 16:14
cc5be548-c570-4d19-ad1c-38e0f8fe88b2,testicular.support,available,4.98,37.98,medium,low,10,namecheap,,,11/09/2026 12:06
36c88d8d-38ee-46a4-85d8-74815b72d04a,evolved.support,available,21.2,21.2,high,low,7,cloudflare,,,28/09/2026 21:24
920e1ddb-b7b8-486c-a586-4b70b96784f0,revealed.support,available,4.98,37.98,high,low,8,namecheap,,,27/09/2026 22:35
47e08eed-e34e-440b-bfde-f0781401d3f0,incapable.support,available,4.98,37.98,medium,low,9,namecheap,,,22/08/2026 00:49
8d1b03fb-18b6-4289-9f1d-ff2c0b19745e,kidneys.support,available,8.99,26.99,low,low,7,namesilo,,,29/09/2026 05:38
fe08fbbf-9bd2-40d9-bb28-e6264d24b33e,qian.support,available,6.64,22.69,high,low,4,dynadot,,,29/09/2026 10:05
32fdc218-4adb-4b6f-acb7-00bc299b2050,hornet.support,available,8.99,26.99,high,low,6,namesilo,,,30/09/2026 10:10
56dde3fb-35ca-4f27-9188-51904a442750,sweater.support,available,4.98,37.98,high,low,7,namecheap,,,28/09/2026 06:35
c574ba3e-2391-4a62-83fb-4989195bf92a,coombs.support,available,4.34,21.94,medium,low,6,spaceship,,,03/10/2026 05:27
76eebb21-e73c-4fe3-9e83-0e2430d5b85d,stalled.support,available,8.99,26.99,medium,low,7,namesilo,,,20/09/2026 17:27
b1cac1ab-cbd9-410e-8e2c-2157afed9517,reasons.support,available,4.98,37.98,medium,low,7,namecheap,,,25/09/2026 20:13
d7a77d56-37b9-44ba-b3f9-5240a286c4e6,very.support,available,8.99,26.99,high,low,4,namesilo,,,27/09/2026 09:52
91fb34b8-b0e9-4cdb-83fc-1b5cc076225b,armour.support,available,8.99,26.99,medium,low,6,namesilo,,,20/09/2026 07:22
8c42f206-bf31-43b8-b212-b08b636e7887,hapter.support,available,21.2,21.2,medium,low,6,cloudflare,,,30/09/2026 20:38
414901a7-67e0-41c3-ac90-124e12a28ee3,ictic.support,available,4.98,37.98,low,low,5,namecheap,,,21/08/2026 17:53
e2e49d96-eebd-4e8b-a6ec-60a1d894d6d6,cinema.support,resell,,,high,low,6,united-domains GmbH,26/03/2014 16:00,26/03/2027 16:00,01/10/2026 03:10
07c189d3-5def-492a-b352-e59027bd9f5d,hokey.support,available,4.98,37.98,medium,low,5,namecheap,,,09/08/2026 00:37
8bd9a891-58dd-48ef-89b1-5df62834eb42,appalachia.support,available,8.99,26.99,medium,low,10,namesilo,,,19/09/2026 19:44
6e91b010-8fc7-45b5-ab78-f4941368c7c8,fixes.support,available,8.5,,medium,low,5,unstoppable,,,01/10/2026 18:27
d6e8f394-7703-434f-a889-273d413f1139,northwest.support,available,8.99,26.99,medium,low,9,namesilo,,,28/09/2026 17:00
fef41f44-ead9-49e1-9be1-977743bb5f24,sully.support,available,4.98,37.98,medium,low,5,namecheap,,,24/08/2026 12:51
d98e50f3-8307-4853-a132-992075f8eadb,sandfish.support,available,8.99,26.99,medium,low,8,namesilo,,,22/09/2026 19:42
f6deefc8-caa0-4c8e-9e75-38c7717151f1,hooter.support,available,4.98,37.98,medium,low,6,namecheap,,,21/09/2026 07:22
ffcfa3ab-8b45-4fca-a26e-00fbc77a8caf,androgyne.support,available,4.98,37.98,medium,low,9,namecheap,,,17/08/2026 10:38
ab72a46d-f22b-459a-b012-45d4b3168233,briss.support,available,8.99,26.99,medium,low,5,namesilo,,,23/09/2026 09:30
26aa6a24-22c0-49b4-b3d1-87236abc3e7e,ototoxic.support,available,4.98,37.98,medium,low,8,namecheap,,,04/09/2026 18:36
f57e3706-7626-4a2a-87c2-9fc60ad88007,scrappy.support,available,4.98,37.98,high,low,7,namecheap,,,09/09/2026 23:48
e58dddd1-b811-46e0-9cae-9ef07dceb8d9,nora.support,available,4.98,37.98,high,low,4,namecheap,,,25/09/2026 14:35
af367095-b680-4d39-b9f5-a6b69f77f0e6,editing.support,available,8.5,,high,low,7,unstoppable,,,28/09/2026 13:57
a472af15-d356-46ab-b631-4928a74dd6b2,outbred.support,available,4.98,37.98,medium,low,7,namecheap,,,04/09/2026 19:03
38262fd3-8a17-41f5-b684-656ceaa6f0e0,breathed.support,available,4.98,37.98,medium,low,8,namecheap,,,11/08/2026 03:16
30624f62-3817-4477-940c-820d8b17f9b1,autotomic.support,available,4.98,37.98,medium,low,9,namecheap,,,07/08/2026 21:13
887a76a2-1212-4c06-ac83-b330b08865b3,delphian.support,available,4.98,37.98,medium,low,8,namecheap,,,14/08/2026 00:48
e26297f7-702e-413a-a708-f8bd32efdbda,classified.support,available,8.99,26.99,high,low,10,namesilo,,,19/09/2026 14:44
c52999dc-51c8-471b-8800-ba1789defb10,wool.support,available,8.5,,high,low,4,unstoppable,,,28/09/2026 10:46
658a6be2-245f-4f84-b3ea-51ad83ac8c4f,restful.support,available,4.98,37.98,high,low,7,namecheap,,,09/09/2026 13:26
c552f707-6adc-44ec-bb48-939ed5576690,marguerite.support,available,8.99,26.99,high,low,10,namesilo,,,20/09/2026 04:58
967b1b21-e800-4b9e-b57c-1f924adabbfe,cyclopean.support,available,11.99,35.99,medium,low,9,name.com,,,13/08/2026 13:51
1c01c98e-6a35-4cb5-b7b3-6e2fa4dcf99f,synaptic.support,available,4.98,37.98,high,low,8,namecheap,,,11/09/2026 06:09
8c7df3a3-c0db-4dd7-a516-cdfa13340647,rude.support,available,8.99,26.99,high,low,4,namesilo,,,22/09/2026 16:12
6883ae82-652d-434e-b141-3172e9870fb9,hoofed.support,available,4.98,37.98,medium,low,6,namecheap,,,21/08/2026 13:40
9959f0f9-9ff3-4296-9bdc-326c59e7f37b,southwark.support,available,4.98,37.98,medium,low,9,namecheap,,,29/09/2026 09:21
051e6d86-65ba-49e8-94e3-28059f5f5b0b,yea.support,available,8.99,26.99,high,low,3,namesilo,,,16/09/2026 11:48
35aa0b2f-1a24-40b6-9513-c70fd815a0a1,haired.support,available,4.98,37.98,medium,low,6,namecheap,,,20/08/2026 22:09
958b08b4-be13-4e13-aba2-75f18cdc5302,lichens.support,available,8.99,26.99,low,low,7,namesilo,,,29/09/2026 05:48
3409198c-d82d-4d77-b068-ada1d2d78805,newsgroup.support,available,8.99,26.99,medium,low,9,namesilo,,,01/10/2026 22:38
a544070d-f59e-4a86-86e8-57aff31d35d0,centres.support,available,8.99,26.99,medium,low,7,namesilo,,,20/09/2026 08:17
5b3dec64-6d0c-4c90-b832-10229db288ba,captivity.support,available,8.99,26.99,medium,low,9,namesilo,,,29/09/2026 11:51
2cccb8dc-d0e1-422b-af2f-ef223f22e54b,interruption.support,available,4.34,21.94,medium,low,12,spaceship,,,29/09/2026 15:58
01770c3a-2b99-45f7-bd0e-9186ac046fe3,hears.support,available,8.99,26.99,medium,low,5,namesilo,,,18/09/2026 07:47
eb2ed51d-1abb-469c-95e3-777b4c90066c,consulate.support,available,8.99,26.99,high,low,9,namesilo,,,24/09/2026 17:37
fe47c21a-5860-4218-849e-e567a0666293,biochip.support,available,4.98,37.98,high,low,7,namecheap,,,23/09/2026 17:46
01428cc7-e249-4473-9862-74311a349bd0,associates.support,premium,,,medium,low,10,,,,28/09/2026 08:50
266082c4-304a-40cf-bcd5-a11d64c8c311,galactose.support,available,8.99,26.99,medium,low,9,namesilo,,,02/10/2026 14:27
809f6228-3eb9-4daa-a47c-13c9b26486f3,slushy.support,available,4.98,37.98,medium,low,6,namecheap,,,09/08/2026 01:25
ff5592fd-08d6-4b98-b5c3-1f063e6a1bee,spirited.support,available,8.99,26.99,high,low,8,namesilo,,,27/09/2026 03:25
dc53194c-7b5b-4b1a-b88e-29beac8bab64,revd.support,available,4.34,21.94,medium,low,4,spaceship,,,01/10/2026 23:42
3c2a1d4e-c2ec-4914-bf45-60880a333f73,salerno.support,available,4.34,21.94,medium,low,7,spaceship,,,29/09/2026 08:00
488235a8-b29a-4357-8cfb-9b3a928be625,availability.support,available,21.2,21.2,high,low,12,cloudflare,,,30/09/2026 05:58
b6134999-4aff-48fb-9377-b530ab72b1f6,fiddle.support,available,8.99,26.99,high,low,6,namesilo,,,29/09/2026 00:55
3e2a1fc8-a173-484e-aae1-5e1c4462314a,metastatic.support,available,4.98,37.98,medium,low,10,namecheap,,,24/08/2026 21:49
ab086329-5ee8-4001-8019-cc26855152e3,firebird.support,available,8.99,26.99,high,low,8,namesilo,,,22/09/2026 00:21
67094204-2482-4728-b6b7-742207416aad,bakehouse.support,available,4.98,37.98,high,low,9,namecheap,,,21/09/2026 20:13
bc9d4172-4ce7-4407-b087-5556f1561a8e,igneous.support,available,4.98,37.98,medium,low,7,namecheap,,,21/08/2026 18:16
2b76e373-ba5b-44cc-af24-d2229d60f9ea,timothy.support,available,8.99,26.99,high,low,7,namesilo,,,01/10/2026 02:30
a65e6c5b-6c7b-474b-b4e2-ec03b6c5e010,ivanov.support,available,8.99,26.99,medium,low,6,namesilo,,,29/09/2026 01:22
ac4cb28e-c27a-4965-a540-1a5d17c3a245,iaa.support,available,4.98,37.98,medium,low,3,namecheap,,,17/09/2026 07:22
34c980c6-df96-4f5b-b996-681b3ea0d092,cycloidal.support,available,11.99,35.99,medium,low,9,name.com,,,13/08/2026 13:40
08769d90-29b8-4e28-8657-0688535a33bb,andreas.support,available,8.99,26.99,high,low,7,namesilo,,,25/09/2026 13:21
4712d616-d7ed-41ab-9298-9ccef8aedd30,castles.support,available,8.99,26.99,medium,low,7,namesilo,,,30/09/2026 15:30
e1346013-265c-4be6-8f93-c4083af2b5d5,fungus.support,available,4.34,21.94,medium,low,6,spaceship,,,28/09/2026 14:14
81d6d6d7-399d-4307-a431-169654c3616f,ransom.support,available,8.99,26.99,medium,low,6,namesilo,,,27/09/2026 05:07
ec738a26-559b-450d-a760-71f762679834,sorry.support,available,8.99,26.99,high,low,5,namesilo,,,24/09/2026 14:36
d4402ca5-305c-41b4-8869-39b0690ed789,hung.support,available,4.98,37.98,medium,low,4,namecheap,,,27/09/2026 08:46
ed69492f-9517-42ce-af0a-a2de775a69cb,undercover.support,available,4.34,21.94,medium,low,10,spaceship,,,02/10/2026 11:28
72a8ef37-9456-4cc0-8f14-e61df0be0a55,distributions.support,available,4.98,37.98,medium,low,13,namecheap,,,25/09/2026 21:52
713f2813-183c-4b4e-8a53-06024b536be4,ablative.support,available,4.98,37.98,medium,low,8,namecheap,,,
659da835-1b48-4480-bfc2-e92af0d68f4b,waver.support,available,4.98,37.98,medium,low,5,namecheap,,,17/08/2026 21:37
3830b235-24b0-4d4e-8c47-9d0d9326fd05,airstrip.support,available,4.98,37.98,high,low,8,namecheap,,,17/09/2026 23:24
cd18c321-d330-4cab-975c-5140d5523e46,fairview.support,available,8.5,,medium,low,8,unstoppable,,,28/09/2026 16:52
5e913804-ae24-4def-8814-6943f9e729e2,pension.support,available,4.34,21.94,high,low,7,spaceship,,,28/09/2026 10:42
7eaa6fe8-6a44-4f34-bd9e-7712b0684796,whitefish.support,available,4.34,21.94,medium,low,10,spaceship,,,03/10/2026 04:13
ccb14d88-e85f-4667-80f0-70c0611b77da,recount.support,available,4.34,21.94,high,low,7,spaceship,,,30/09/2026 18:26
bcd21e29-ee8d-4161-b9e9-dd82afb1c4dc,precipitation.support,available,4.34,21.94,medium,low,13,spaceship,,,02/10/2026 01:22
8033ca52-7d23-4b21-a1fb-1704a19387dc,montmartre.support,available,4.34,21.94,medium,low,10,spaceship,,,02/10/2026 05:47
6421ce3d-d434-4ba6-8442-570a8f008525,drawing.support,available,4.34,21.94,high,low,7,spaceship,,,29/09/2026 16:41
a4ff0e04-6d0f-4053-a25b-5299d6ea7856,treacherous.support,available,4.34,21.94,medium,low,11,spaceship,,,30/09/2026 03:44
3bb98d16-e127-4dae-8560-0af8cdab5e01,improvable.support,available,4.98,37.98,medium,low,10,namecheap,,,21/08/2026 23:14
100e3a29-dccd-40e4-ac54-e4b6c21160ef,barthelme.support,available,8.99,26.99,medium,low,9,namesilo,,,22/09/2026 09:06
5af31cec-7922-42c7-87c7-0726a88fbdc0,mount.support,available,4.34,21.94,high,low,5,spaceship,,,29/09/2026 10:06
0f31ef6a-8172-4ea8-aede-803145ed0fdf,baptists.support,available,4.98,37.98,high,low,8,namecheap,,,22/09/2026 03:33
010a1eeb-3f8b-498c-ae57-0760c5499b3e,pancreatic.support,available,4.98,37.98,medium,low,10,namecheap,,,05/09/2026 00:36
4afc3394-d97a-4815-8a40-8303590980a6,softer.support,available,8.99,26.99,medium,low,6,namesilo,,,30/09/2026 06:29
e6c7b2d5-c1b5-4ba7-98c9-b45d54ea3aec,mobley.support,available,8.99,26.99,medium,low,6,namesilo,,,03/10/2026 06:07
f846973b-1b16-4e76-882f-b67da878c6f5,secrecy.support,available,8.99,26.99,high,low,7,namesilo,,,24/09/2026 17:03
08098f4c-ec65-46c0-a884-53588a6d82a8,curious.support,available,8.99,26.99,high,low,7,namesilo,,,24/09/2026 03:57
931ec4df-98fa-4534-ae2f-8e8cd4b9cb72,specimen.support,available,8.5,,high,low,8,unstoppable,,,28/09/2026 03:06
5e025400-5e19-451c-8a4b-f8463070dca1,rangy.support,available,4.98,37.98,medium,low,5,namecheap,,,18/08/2026 20:13
a8e315b7-0c68-488e-8685-2bf4a42d47f1,acclaim.support,available,4.98,37.98,high,low,7,namecheap,,,16/09/2026 22:32
d1865023-8785-4ca4-9715-746c4f56fc3b,quiescent.support,available,4.98,37.98,medium,low,9,namecheap,,,09/09/2026 08:47
6a3636e2-4709-4265-a0e4-cc5352c3019b,squarish.support,available,4.98,37.98,medium,low,8,namecheap,,,10/09/2026 17:29
733d6fce-30f9-4647-8c62-722b200d0115,incestuous.support,available,4.98,37.98,medium,low,10,namecheap,,,22/08/2026 01:12
73715afb-87c8-4661-b550-d28a2513eee4,islamic.support,available,4.98,37.98,high,low,7,namecheap,,,22/08/2026 10:50
771ff5c8-36f4-45e5-ad88-f3679da5f662,provencal.support,available,4.98,37.98,medium,low,9,namecheap,,,09/09/2026 04:28
e5504f0d-cde2-4cf0-91c7-f98c7366854d,mindanao.support,available,8.99,26.99,medium,low,8,namesilo,,,28/09/2026 10:28
9b53fe75-3aef-4b11-89a8-7b02c971e688,woodlawn.support,available,8.5,,medium,low,8,unstoppable,,,29/09/2026 22:48
8682f772-7d1c-4dde-b6df-b82ca18f3303,armpit.support,available,8.99,26.99,medium,low,6,namesilo,,,20/09/2026 07:34
e49538c5-2d9c-4fa3-be1e-0cf54785a973,uci.support,available,8.99,26.99,medium,low,3,namesilo,,,29/09/2026 09:30
9e81f6a1-166d-42af-a949-c20e66503de0,uncovering.support,available,8.99,26.99,high,low,10,namesilo,,,22/09/2026 06:00
7541c250-6479-4338-b240-2848f186f8cc,infiltrate.support,available,21.2,21.2,high,low,10,cloudflare,,,29/09/2026 20:43
00d1676e-54ef-4b8f-9881-6b2b5af6798c,pernicious.support,available,4.98,37.98,medium,low,10,namecheap,,,08/08/2026 12:01
b506fd21-56d4-4980-b52a-42c9d9aec740,moles.support,available,8.5,,medium,low,5,unstoppable,,,03/10/2026 04:25
a2ab53db-a144-4134-a5c0-4c34e7bfa0c3,shocks.support,available,4.34,21.94,medium,low,6,spaceship,,,01/10/2026 18:17
22fdc415-c086-4c97-a0f0-92d229cd1575,racine.support,available,9.99,45.99,high,low,6,godaddy,,,28/09/2026 02:12
f7f2cdb5-a7a0-49b0-9564-e6492941e8a3,workman.support,available,8.5,,medium,low,7,unstoppable,,,01/10/2026 22:04
a8549136-9830-49f7-b1f9-672da46cf0a0,synchro.support,available,6.69,22.14,high,low,7,porkbun,,,02/10/2026 06:22
1f0a35b6-d5cc-4cf3-85dc-90d6e20c0040,orlando.support,available,8.99,26.99,high,low,7,namesilo,,,25/09/2026 09:39
eb445f8f-f379-427f-b2ec-d0041917ef5b,wakefield.support,available,8.99,26.99,high,low,9,namesilo,,,25/09/2026 12:26
16c85a87-f4e1-440e-8981-08938bd5e977,subtropical.support,available,6.64,22.69,medium,low,11,dynadot,,,01/10/2026 16:02
acb5109e-d81e-4843-be0a-99a9aacf5cc4,replies.support,available,4.98,37.98,medium,low,7,namecheap,,,18/09/2026 09:15
437b9f9b-ae3c-4262-aebf-8e15dd62db5c,void.support,resell,,,high,medium,4,Dynadot Inc,09/02/2026 17:00,09/02/2027 17:00,26/09/2026 10:02
532fa5a4-ded5-4ab9-af21-8be7a9ab6c5b,feature.support,available,6.69,22.14,high,low,7,porkbun,,,30/09/2026 13:50
6bf22db6-5fb9-48ea-b924-85dae111f1e0,soothe.support,available,8.5,,high,low,6,unstoppable,,,03/10/2026 00:03
b4190c79-2d8c-4c66-8af3-c986b1be5555,splashed.support,available,11.99,35.99,high,low,8,name.com,,,13/08/2026 15:18
bd163ed1-773f-41e2-9d67-38fe86554daf,koestler.support,available,8.99,26.99,medium,low,8,namesilo,,,20/09/2026 10:57
784a886a-0085-4469-b660-4b11199027b2,mayne.support,available,4.34,21.94,high,low,5,spaceship,,,01/10/2026 07:26
f5d1367f-07ea-41cc-9b2d-fba4f7bfca30,snaky.support,available,4.98,37.98,medium,low,5,namecheap,,,10/09/2026 04:47
e98e2afc-5f79-41ba-b97e-f8abd6f1f77b,poised.support,available,4.98,37.98,high,low,6,namecheap,,,17/08/2026 11:38
d35e5feb-f38b-4a53-9bbc-b1d3b61078bf,unreliable.support,available,4.98,37.98,high,low,10,namecheap,,,11/09/2026 19:06
d61639ae-e035-4563-8104-055145c55ed4,prenatal.support,available,4.98,37.98,high,low,8,namecheap,,,22/09/2026 05:55
c39a8697-9582-40c9-aa33-aba6e3b96e05,needed.support,available,4.98,37.98,high,low,6,namecheap,,,03/09/2026 14:49
bb4b940c-97fb-4f59-9d0a-d92284e12eef,pleasure.support,available,4.98,37.98,high,low,8,namecheap,,,30/09/2026 07:02
c7793374-86c2-4fbb-bdc2-25f7a4b45603,heed.support,available,4.98,37.98,high,low,4,namecheap,,,08/09/2026 10:58
eb0b2c04-70d2-45ee-a7cf-dc3b757f0ac1,lobsters.support,available,8.99,26.99,medium,low,8,namesilo,,,02/10/2026 13:29